,Age,I18n,App Id,Build,Gender,Section,OS Version,Device Type,Handedness,Device Model,Games Scores,Install Mode,Participant ID,Client Time Zone,Games Play Count,Processor Count,Runtime Platform,System Memory Size,Times Finished Game,Graphics Device Name,Processor Frequency,Games Map Dialog Stage,Client Time Zone Offset,PID,Created At,Updated At
0,19,10,ACE Explorer,1.22.33,UNDEFINED,None,Windows 10,3,RIGHT,Chrome 129,"[{'score': 20940.0, 'gameName': 'BRT', 'highScore': 20940.0}, {'score': 9940.0, 'gameName': 'WTNumber', 'highScore': 9940.0}, {'score': 19390.0, 'gameName': 'Stroop', 'highScore': 19390.0}, {'score': 14140.0, 'gameName': 'TaskSwitch2', 'highScore': 14140.0}, {'score': 6390.0, 'gameName': 'SpatialSpanReverse', 'highScore': 6390.0}]",0,WPI6_173b04029437i39,Eastern Standard Time,"[{'gameName': 'BRT', 'playCount': 1, 'lastPlaySession': 0}, {'gameName': 'WTNumber', 'playCount': 1, 'lastPlaySession': 0}, {'gameName': 'Stroop', 'playCount': 1, 'lastPlaySession': 0}, {'gameName': 'SpatialSpanReverse', 'playCount': 1, 'lastPlaySession': 0}, {'gameName': 'TaskSwitch2', 'playCount': 1, 'lastPlaySession': 0}]",1,17,128,1,"ANGLE (Intel, Intel(R) Iris(R) Xe Graphics (0x0000A7A1) Direct3D11 vs_5_0 ps_5_0, D3D11)",0,2,-4,WPI6_173b04029437i39,2024-10-31T19:30:15.000000Z,2024-11-01T15:47:16.000000Z
1,22,10,ACE Explorer,1.22.33,UNDEFINED,None,Windows 10,3,RIGHT,Chrome 131,"[{'score': 33840.0, 'gameName': 'BRT', 'highScore': 33840.0}, {'score': 9940.0, 'gameName': 'WTNumber', 'highScore': 9940.0}, {'score': 37750.0, 'gameName': 'Stroop', 'highScore': 37750.0}, {'score': 64390.0, 'gameName': 'TaskSwitch2', 'highScore': 64390.0}, {'score': 5680.0, 'gameName': 'SpatialSpanReverse', 'highScore': 5680.0}]",0,WPI6_173730609q4x876,Eastern Standard Time,"[{'gameName': 'BRT', 'playCount': 1, 'lastPlaySession': 0}, {'gameName': 'WTNumber', 'playCount': 1, 'lastPlaySession': 0}, {'gameName': 'Stroop', 'playCount': 1, 'lastPlaySession': 0}, {'gameName': 'SpatialSpanReverse', 'playCount': 1, 'lastPlaySession': 0}, {'gameName': 'TaskSwitch2', 'playCount': 1, 'lastPlaySession': 0}]",1,17,128,1,"ANGLE (Intel, Intel(R) Iris(R) Xe Graphics (0x00009A49) Direct3D11 vs_5_0 ps_5_0, D3D11)",0,2,-5,WPI6_173730609q4x876,2025-01-19T17:02:44.000000Z,2025-01-19T17:19:15.000000Z
2,35,10,ACE Explorer,1.24.0,FEMALE,None,Mac OS X 10_15_7,3,RIGHT,Chrome 129,"[{'score': 23920.0, 'gameName': 'BRT', 'highScore': 23920.0}, {'score': 9940.0, 'gameName': 'WTNumber', 'highScore': 9940.0}, {'score': 41810.0, 'gameName': 'Stroop', 'highScore': 41810.0}, {'score': 42280.0, 'gameName': 'TaskSwitch2', 'highScore': 42280.0}, {'score': 4260.0, 'gameName': 'SpatialSpanReverse', 'highScore': 4260.0}]",0,WPI6_alena1,Eastern Standard Time,"[{'gameName': 'BRT', 'playCount': 1, 'lastPlaySession': 0}, {'gameName': 'WTNumber', 'playCount': 1, 'lastPlaySession': 0}, {'gameName': 'Stroop', 'playCount': 1, 'lastPlaySession': 0}, {'gameName': 'SpatialSpanReverse', 'playCount': 1, 'lastPlaySession': 0}, {'gameName': 'TaskSwitch2', 'playCount': 1, 'lastPlaySession': 0}]",1,17,256,1,"ANGLE (Apple, ANGLE Metal Renderer: Apple M3 Pro, Unspecified Version)",0,2,-4,WPI6_alena1,2024-10-02T20:37:01.000000Z,2024-10-02T20:50:43.000000Z
3,19,10,ACE Explorer,1.22.33,UNDEFINED,None,Windows 10,3,RIGHT,Chrome 131,"[{'score': 46560.0, 'gameName': 'BRT', 'highScore': 46560.0}, {'score': 9940.0, 'gameName': 'WTNumber', 'highScore': 9940.0}, {'score': 81420.0, 'gameName': 'Stroop', 'highScore': 81420.0}, {'score': 42000.0, 'gameName': 'TaskSwitch2', 'highScore': 42000.0}, {'score': 6390.0, 'gameName': 'SpatialSpanReverse', 'highScore': 6390.0}]",0,WPI6_o1d733879690572,Eastern Standard Time,"[{'gameName': 'BRT', 'playCount': 1, 'lastPlaySession': 0}, {'gameName': 'WTNumber', 'playCount': 1, 'lastPlaySession': 0}, {'gameName': 'Stroop', 'playCount': 1, 'lastPlaySession': 0}, {'gameName': 'SpatialSpanReverse', 'playCount': 1, 'lastPlaySession': 0}, {'gameName': 'TaskSwitch2', 'playCount': 1, 'lastPlaySession': 0}]",1,17,128,1,"ANGLE (Intel, Intel(R) UHD Graphics (0x0000A7A8) Direct3D11 vs_5_0 ps_5_0, D3D11)",0,2,-5,WPI6_o1d733879690572,2024-12-11T01:15:59.000000Z,2024-12-11T01:32:21.000000Z
4,19,10,ACE Explorer,1.22.33,UNDEFINED,None,Mac OS X 10_15_7,3,RIGHT,Chrome 131,"[{'score': 35440.0, 'gameName': 'BRT', 'highScore': 35440.0}, {'score': 9940.0, 'gameName': 'WTNumber', 'highScore': 9940.0}, {'score': 26080.0, 'gameName': 'Stroop', 'highScore': 26080.0}, {'score': 46570.0, 'gameName': 'TaskSwitch2', 'highScore': 46570.0}, {'score': 4970.0, 'gameName': 'SpatialSpanReverse', 'highScore': 4970.0}]",0,WPI6_17338430c619k41,Eastern Standard Time,"[{'gameName': 'BRT', 'playCount': 1, 'lastPlaySession': 0}, {'gameName': 'WTNumber', 'playCount': 1, 'lastPlaySession': 0}, {'gameName': 'Stroop', 'playCount': 1, 'lastPlaySession': 0}, {'gameName': 'SpatialSpanReverse', 'playCount': 1, 'lastPlaySession': 0}, {'gameName': 'TaskSwitch2', 'playCount': 1, 'lastPlaySession': 0}]",1,17,128,1,"ANGLE (Apple, ANGLE Metal Renderer: Apple M2, Unspecified Version)",0,2,-5,WPI6_17338430c619k41,2024-12-10T15:05:47.000000Z,2024-12-10T15:20:46.000000Z
5,20,10,ACE Explorer,1.22.33,UNDEFINED,None,Mac OS X 10_15_7,3,RIGHT,Safari 17.2,"[{'score': 23860.0, 'gameName': 'BRT', 'highScore': 23860.0}, {'score': 9940.0, 'gameName': 'WTNumber', 'highScore': 9940.0}, {'score': 30370.0, 'gameName': 'Stroop', 'highScore': 30370.0}, {'score': 25030.0, 'gameName': 'TaskSwitch2', 'highScore': 25030.0}, {'score': 5680.0, 'gameName': 'SpatialSpanReverse', 'highScore': 5680.0}]",0,WPI6_z17l33879987190,Eastern Standard Time,"[{'gameName': 'BRT', 'playCount': 1, 'lastPlaySession': 0}, {'gameName': 'WTNumber', 'playCount': 1, 'lastPlaySession': 0}, {'gameName': 'Stroop', 'playCount': 1, 'lastPlaySession': 0}, {'gameName': 'SpatialSpanReverse', 'playCount': 1, 'lastPlaySession': 0}, {'gameName': 'TaskSwitch2', 'playCount': 1, 'lastPlaySession': 0}]",1,17,128,1,Apple GPU,0,2,-5,WPI6_z17l33879987190,2024-12-11T01:20:14.000000Z,2024-12-11T01:32:56.000000Z
6,35,10,ACE Explorer,1.22.33,UNDEFINED,None,Mac OS X 10_15_7,3,RIGHT,Chrome 129,"[{'score': 50160.0, 'gameName': 'BRT', 'highScore': 50160.0}, {'score': 9940.0, 'gameName': 'WTNumber', 'highScore': 9940.0}, {'score': 38120.0, 'gameName': 'Stroop', 'highScore': 38120.0}, {'score': 52850.0, 'gameName': 'TaskSwitch2', 'highScore': 52850.0}, {'score': 0.0, 'gameName': 'SpatialSpanReverse', 'highScore': 0.0}]",0,WPI6_y17a28670978573,Eastern Standard Time,"[{'gameName': 'BRT', 'playCount': 1, 'lastPlaySession': 0}, {'gameName': 'WTNumber', 'playCount': 1, 'lastPlaySession': 0}, {'gameName': 'Stroop', 'playCount': 1, 'lastPlaySession': 0}, {'gameName': 'SpatialSpanReverse', 'playCount': 1, 'lastPlaySession': 0}, {'gameName': 'TaskSwitch2', 'playCount': 1, 'lastPlaySession': 0}]",1,17,256,1,"ANGLE (Apple, ANGLE Metal Renderer: Apple M3 Pro, Unspecified Version)",0,2,-4,WPI6_y17a28670978573,2024-10-11T18:23:36.000000Z,2024-10-11T18:35:24.000000Z
7,26,10,ACE Explorer,1.24.0,FEMALE,None,Windows 10,3,LEFT,Chrome 129,"[{'score': 33750.0, 'gameName': 'BRT', 'highScore': 33750.0}, {'score': 9940.0, 'gameName': 'WTNumber', 'highScore': 9940.0}, {'score': 41500.0, 'gameName': 'Stroop', 'highScore': 41500.0}, {'score': 8230.0, 'gameName': 'TaskSwitch2', 'highScore': 8230.0}, {'score': 0.0, 'gameName': 'SpatialSpanReverse', 'highScore': 0.0}]",0,WPI6_test,Eastern Standard Time,"[{'gameName': 'BRT', 'playCount': 1, 'lastPlaySession': 0}, {'gameName': 'WTNumber', 'playCount': 1, 'lastPlaySession': 0}, {'gameName': 'Stroop', 'playCount': 1, 'lastPlaySession': 0}, {'gameName': 'SpatialSpanReverse', 'playCount': 1, 'lastPlaySession': 0}, {'gameName': 'TaskSwitch2', 'playCount': 1, 'lastPlaySession': 0}]",1,17,128,1,"ANGLE (Intel, Intel(R) Iris(R) Xe Graphics (0x00009A49) Direct3D11 vs_5_0 ps_5_0, D3D11)",0,2,-4,WPI6_test,2024-10-01T18:57:08.000000Z,2024-10-01T19:09:02.000000Z
8,20,10,ACE Explorer,1.22.33,UNDEFINED,None,Windows 10,3,RIGHT,Chrome 128,"[{'score': 54510.0, 'gameName': 'BRT', 'highScore': 54510.0}, {'score': 9940.0, 'gameName': 'WTNumber', 'highScore': 9940.0}, {'score': 46890.0, 'gameName': 'Stroop', 'highScore': 46890.0}, {'score': 30190.0, 'gameName': 'TaskSwitch2', 'highScore': 30190.0}, {'score': 7100.0, 'gameName': 'SpatialSpanReverse', 'highScore': 7100.0}]",0,WPI6_173y3b374550702,Eastern Standard Time,"[{'gameName': 'BRT', 'playCount': 1, 'lastPlaySession': 0}, {'gameName': 'WTNumber', 'playCount': 1, 'lastPlaySession': 0}, {'gameName': 'Stroop', 'playCount': 1, 'lastPlaySession': 0}, {'gameName': 'SpatialSpanReverse', 'playCount': 1, 'lastPlaySession': 0}, {'gameName': 'TaskSwitch2', 'playCount': 1, 'lastPlaySession': 0}]",1,17,128,1,"ANGLE (NVIDIA, NVIDIA GeForce RTX 4050 Laptop GPU (0x000028E1) Direct3D11 vs_5_0 ps_5_0, D3D11)",0,2,-5,WPI6_173y3b374550702,2024-12-05T04:57:43.000000Z,2024-12-05T05:10:38.000000Z
9,18,10,ACE Explorer,1.22.33,UNDEFINED,None,Windows 10,3,RIGHT,Chrome 130,"[{'score': 32170.0, 'gameName': 'BRT', 'highScore': 32170.0}, {'score': 9940.0, 'gameName': 'WTNumber', 'highScore': 9940.0}]",0,WPI6_1730519011tt682,GMT,"[{'gameName': 'BRT', 'playCount': 1, 'lastPlaySession': 0}, {'gameName': 'WTNumber', 'playCount': 1, 'lastPlaySession': 0}, {'gameName': 'Stroop', 'playCount': 0, 'lastPlaySession': -1}, {'gameName': 'SpatialSpanReverse', 'playCount': 0, 'lastPlaySession': -1}, {'gameName': 'TaskSwitch2', 'playCount': 0, 'lastPlaySession': -1}]",1,17,256,0,"ANGLE (Intel, Intel(R) UHD Graphics (0x00004626) Direct3D11 vs_5_0 ps_5_0, D3D11)",0,1,-4,WPI6_1730519011tt682,2024-11-02T03:44:34.000000Z,2024-11-02T03:48:47.000000Z
10,18,10,ACE Explorer,1.22.33,UNDEFINED,None,Windows 10,3,RIGHT,Chrome 130,"[{'score': 11630.0, 'gameName': 'BRT', 'highScore': 11630.0}, {'score': 9940.0, 'gameName': 'WTNumber', 'highScore': 9940.0}, {'score': 46470.0, 'gameName': 'Stroop', 'highScore': 46470.0}, {'score': 27180.0, 'gameName': 'TaskSwitch2', 'highScore': 27180.0}, {'score': 6390.0, 'gameName': 'SpatialSpanReverse', 'highScore': 6390.0}]",0,WPI6_17305q196215x98,GMT,"[{'gameName': 'BRT', 'playCount': 1, 'lastPlaySession': 0}, {'gameName': 'WTNumber', 'playCount': 1, 'lastPlaySession': 0}, {'gameName': 'Stroop', 'playCount': 1, 'lastPlaySession': 0}, {'gameName': 'SpatialSpanReverse', 'playCount': 1, 'lastPlaySession': 0}, {'gameName': 'TaskSwitch2', 'playCount': 1, 'lastPlaySession': 0}]",1,17,128,1,"ANGLE (Intel, Intel(R) UHD Graphics (0x00004626) Direct3D11 vs_5_0 ps_5_0, D3D11)",0,2,-4,WPI6_17305q196215x98,2024-11-02T03:54:09.000000Z,2024-11-02T04:07:45.000000Z
11,18,10,ACE Explorer,1.22.33,UNDEFINED,None,Windows 10,3,LEFT,Chrome 131,"[{'score': 29720.0, 'gameName': 'BRT', 'highScore': 29720.0}, {'score': 9940.0, 'gameName': 'WTNumber', 'highScore': 9940.0}, {'score': 44440.0, 'gameName': 'Stroop', 'highScore': 44440.0}, {'score': 35760.0, 'gameName': 'TaskSwitch2', 'highScore': 35760.0}, {'score': 6390.0, 'gameName': 'SpatialSpanReverse', 'highScore': 6390.0}]",0,WPI6_1732e040001i696,Eastern Standard Time,"[{'gameName': 'BRT', 'playCount': 1, 'lastPlaySession': 0}, {'gameName': 'WTNumber', 'playCount': 1, 'lastPlaySession': 0}, {'gameName': 'Stroop', 'playCount': 1, 'lastPlaySession': 0}, {'gameName': 'SpatialSpanReverse', 'playCount': 1, 'lastPlaySession': 0}, {'gameName': 'TaskSwitch2', 'playCount': 1, 'lastPlaySession': 0}]",1,17,128,1,"ANGLE (AMD, AMD Radeon(TM) Graphics (0x00001638) Direct3D11 vs_5_0 ps_5_0, D3D11)",0,2,-5,WPI6_1732e040001i696,2024-11-19T18:14:39.000000Z,2024-11-19T18:29:01.000000Z
12,21,10,ACE Explorer,1.22.33,UNDEFINED,None,Windows 10,3,RIGHT,Chrome 131,"[{'score': 25680.0, 'gameName': 'BRT', 'highScore': 25680.0}, {'score': 9940.0, 'gameName': 'WTNumber', 'highScore': 9940.0}, {'score': 58130.0, 'gameName': 'Stroop', 'highScore': 58130.0}, {'score': 51070.0, 'gameName': 'TaskSwitch2', 'highScore': 51070.0}, {'score': 6390.0, 'gameName': 'SpatialSpanReverse', 'highScore': 6390.0}]",0,WPI6_1733866534x70k0,Eastern Standard Time,"[{'gameName': 'BRT', 'playCount': 1, 'lastPlaySession': 0}, {'gameName': 'WTNumber', 'playCount': 1, 'lastPlaySession': 0}, {'gameName': 'Stroop', 'playCount': 1, 'lastPlaySession': 0}, {'gameName': 'SpatialSpanReverse', 'playCount': 1, 'lastPlaySession': 0}, {'gameName': 'TaskSwitch2', 'playCount': 1, 'lastPlaySession': 0}]",1,17,128,1,"ANGLE (Intel, Intel(R) UHD Graphics (0x00009BC4) Direct3D11 vs_5_0 ps_5_0, D3D11)",0,2,-5,WPI6_1733866534x70k0,2024-12-10T21:36:02.000000Z,2024-12-10T21:51:23.000000Z
13,20,10,ACE Explorer,1.22.33,UNDEFINED,None,Mac OS X 10_15_7,3,RIGHT,Chrome 131,"[{'score': 33110.0, 'gameName': 'BRT', 'highScore': 33110.0}, {'score': 9940.0, 'gameName': 'WTNumber', 'highScore': 9940.0}, {'score': 29640.0, 'gameName': 'Stroop', 'highScore': 29640.0}, {'score': 33860.0, 'gameName': 'TaskSwitch2', 'highScore': 33860.0}, {'score': 8520.0, 'gameName': 'SpatialSpanReverse', 'highScore': 8520.0}]",0,WPI6_17338t8102032o8,Eastern Standard Time,"[{'gameName': 'BRT', 'playCount': 1, 'lastPlaySession': 0}, {'gameName': 'WTNumber', 'playCount': 1, 'lastPlaySession': 0}, {'gameName': 'Stroop', 'playCount': 1, 'lastPlaySession': 0}, {'gameName': 'SpatialSpanReverse', 'playCount': 1, 'lastPlaySession': 0}, {'gameName': 'TaskSwitch2', 'playCount': 1, 'lastPlaySession': 0}]",1,17,256,1,"ANGLE (Apple, ANGLE Metal Renderer: Apple M1 Pro, Unspecified Version)",0,2,-5,WPI6_17338t8102032o8,2024-12-11T01:37:30.000000Z,2024-12-11T01:52:10.000000Z
14,20,10,ACE Explorer,1.22.33,UNDEFINED,None,Mac OS X 10_15_7,3,RIGHT,Chrome 129,"[{'score': 27640.0, 'gameName': 'BRT', 'highScore': 27640.0}, {'score': 9940.0, 'gameName': 'WTNumber', 'highScore': 9940.0}, {'score': 38820.0, 'gameName': 'Stroop', 'highScore': 38820.0}, {'score': 27350.0, 'gameName': 'TaskSwitch2', 'highScore': 27350.0}, {'score': 7100.0, 'gameName': 'SpatialSpanReverse', 'highScore': 7100.0}]",0,WPI6_17338487w25j007,Eastern Standard Time,"[{'gameName': 'BRT', 'playCount': 1, 'lastPlaySession': 0}, {'gameName': 'WTNumber', 'playCount': 1, 'lastPlaySession': 0}, {'gameName': 'Stroop', 'playCount': 1, 'lastPlaySession': 0}, {'gameName': 'SpatialSpanReverse', 'playCount': 1, 'lastPlaySession': 0}, {'gameName': 'TaskSwitch2', 'playCount': 1, 'lastPlaySession': 0}]",1,17,128,1,"ANGLE (Apple, ANGLE Metal Renderer: Apple M2 Pro, Unspecified Version)",0,2,-5,WPI6_17338487w25j007,2024-12-10T16:42:49.000000Z,2024-12-11T02:05:37.000000Z
15,20,10,ACE Explorer,1.22.33,UNDEFINED,None,Windows 10,3,RIGHT,Chrome 130,"[{'score': 26800.0, 'gameName': 'BRT', 'highScore': 26800.0}, {'score': 9940.0, 'gameName': 'WTNumber', 'highScore': 9940.0}, {'score': 50210.0, 'gameName': 'Stroop', 'highScore': 50210.0}, {'score': 25280.0, 'gameName': 'TaskSwitch2', 'highScore': 25280.0}, {'score': 5680.0, 'gameName': 'SpatialSpanReverse', 'highScore': 5680.0}]",0,WPI6_p173e3404848397,Eastern Standard Time,"[{'gameName': 'BRT', 'playCount': 1, 'lastPlaySession': 0}, {'gameName': 'WTNumber', 'playCount': 1, 'lastPlaySession': 0}, {'gameName': 'Stroop', 'playCount': 1, 'lastPlaySession': 0}, {'gameName': 'SpatialSpanReverse', 'playCount': 1, 'lastPlaySession': 0}, {'gameName': 'TaskSwitch2', 'playCount': 1, 'lastPlaySession': 0}]",1,17,256,1,"ANGLE (AMD, AMD Radeon (TM) Graphics (0x000015E7) Direct3D11 vs_5_0 ps_5_0, D3D11)",0,2,-5,WPI6_p173e3404848397,2024-12-05T13:21:23.000000Z,2024-12-05T13:35:31.000000Z
16,21,10,ACE Explorer,1.22.33,UNDEFINED,None,Windows 10,3,RIGHT,Chrome 130,"[{'score': 23720.0, 'gameName': 'BRT', 'highScore': 23720.0}, {'score': 9940.0, 'gameName': 'WTNumber', 'highScore': 9940.0}, {'score': 28230.0, 'gameName': 'Stroop', 'highScore': 28230.0}, {'score': 57790.0, 'gameName': 'TaskSwitch2', 'highScore': 57790.0}, {'score': 7810.0, 'gameName': 'SpatialSpanReverse', 'highScore': 7810.0}]",0,WPI6_173152o923x6087,Eastern Standard Time,"[{'gameName': 'BRT', 'playCount': 1, 'lastPlaySession': 0}, {'gameName': 'WTNumber', 'playCount': 1, 'lastPlaySession': 0}, {'gameName': 'Stroop', 'playCount': 1, 'lastPlaySession': 0}, {'gameName': 'SpatialSpanReverse', 'playCount': 1, 'lastPlaySession': 0}, {'gameName': 'TaskSwitch2', 'playCount': 1, 'lastPlaySession': 0}]",1,17,256,1,"ANGLE (Intel, Intel(R) UHD Graphics 620 (0x00003EA0) Direct3D11 vs_5_0 ps_5_0, D3D11)",0,2,-5,WPI6_173152o923x6087,2024-11-13T20:21:04.000000Z,2024-11-13T20:36:09.000000Z
17,19,10,ACE Explorer,1.22.33,UNDEFINED,None,Windows 10,3,RIGHT,Chrome 130,"[{'score': 37010.0, 'gameName': 'BRT', 'highScore': 37010.0}, {'score': 9940.0, 'gameName': 'WTNumber', 'highScore': 9940.0}, {'score': 23630.0, 'gameName': 'Stroop', 'highScore': 23630.0}, {'score': 16330.0, 'gameName': 'TaskSwitch2', 'highScore': 16330.0}, {'score': 6390.0, 'gameName': 'SpatialSpanReverse', 'highScore': 6390.0}]",0,WPI6_1731yu427650316,Eastern Standard Time,"[{'gameName': 'BRT', 'playCount': 1, 'lastPlaySession': 0}, {'gameName': 'WTNumber', 'playCount': 1, 'lastPlaySession': 0}, {'gameName': 'Stroop', 'playCount': 1, 'lastPlaySession': 0}, {'gameName': 'SpatialSpanReverse', 'playCount': 1, 'lastPlaySession': 0}, {'gameName': 'TaskSwitch2', 'playCount': 1, 'lastPlaySession': 0}]",1,17,128,1,"ANGLE (AMD, AMD Radeon (TM) Graphics (0x000015E7) Direct3D11 vs_5_0 ps_5_0, D3D11)",0,2,-5,WPI6_1731yu427650316,2024-11-12T16:07:57.000000Z,2024-11-12T16:22:17.000000Z
18,20,10,ACE Explorer,1.22.33,UNDEFINED,None,Windows 10,3,RIGHT,Chrome 130,"[{'score': 28140.0, 'gameName': 'BRT', 'highScore': 28140.0}, {'score': 9940.0, 'gameName': 'WTNumber', 'highScore': 9940.0}, {'score': 56760.0, 'gameName': 'Stroop', 'highScore': 56760.0}, {'score': 26190.0, 'gameName': 'TaskSwitch2', 'highScore': 26190.0}, {'score': 4970.0, 'gameName': 'SpatialSpanReverse', 'highScore': 4970.0}]",0,WPI6_1731u428574p274,Eastern Standard Time,"[{'gameName': 'BRT', 'playCount': 1, 'lastPlaySession': 0}, {'gameName': 'WTNumber', 'playCount': 1, 'lastPlaySession': 0}, {'gameName': 'Stroop', 'playCount': 1, 'lastPlaySession': 0}, {'gameName': 'SpatialSpanReverse', 'playCount': 1, 'lastPlaySession': 0}, {'gameName': 'TaskSwitch2', 'playCount': 1, 'lastPlaySession': 0}]",1,17,128,1,"ANGLE (Intel, Intel(R) Iris(R) Xe Graphics (0x00009A49) Direct3D11 vs_5_0 ps_5_0, D3D11)",0,2,-5,WPI6_1731u428574p274,2024-11-12T16:23:50.000000Z,2024-11-12T16:44:07.000000Z
19,17,10,ACE Explorer,1.22.33,UNDEFINED,None,Windows 10,3,RIGHT,Chrome 130,"[{'score': 41370.0, 'gameName': 'BRT', 'highScore': 41370.0}, {'score': 9940.0, 'gameName': 'WTNumber', 'highScore': 9940.0}, {'score': 66100.0, 'gameName': 'Stroop', 'highScore': 66100.0}, {'score': 5800.0, 'gameName': 'TaskSwitch2', 'highScore': 5800.0}, {'score': 6390.0, 'gameName': 'SpatialSpanReverse', 'highScore': 6390.0}]",0,WPI6_1r7320512a66565,Eastern Standard Time,"[{'gameName': 'BRT', 'playCount': 1, 'lastPlaySession': 0}, {'gameName': 'WTNumber', 'playCount': 1, 'lastPlaySession': 0}, {'gameName': 'Stroop', 'playCount': 1, 'lastPlaySession': 0}, {'gameName': 'SpatialSpanReverse', 'playCount': 1, 'lastPlaySession': 0}, {'gameName': 'TaskSwitch2', 'playCount': 1, 'lastPlaySession': 0}]",1,17,128,1,"ANGLE (AMD, AMD Radeon (TM) Graphics (0x000015E7) Direct3D11 vs_5_0 ps_5_0, D3D11)",0,2,-5,WPI6_1r7320512a66565,2024-11-19T21:22:20.000000Z,2024-11-19T21:40:12.000000Z
20,21,10,ACE Explorer,1.22.33,UNDEFINED,None,Windows 10,3,RIGHT,Chrome 130,"[{'score': 47450.0, 'gameName': 'BRT', 'highScore': 47450.0}, {'score': 9940.0, 'gameName': 'WTNumber', 'highScore': 9940.0}, {'score': 71800.0, 'gameName': 'Stroop', 'highScore': 71800.0}, {'score': 54460.0, 'gameName': 'TaskSwitch2', 'highScore': 54460.0}, {'score': 8520.0, 'gameName': 'SpatialSpanReverse', 'highScore': 8520.0}]",0,WPI6_j17320561193z94,Eastern Standard Time,"[{'gameName': 'BRT', 'playCount': 1, 'lastPlaySession': 0}, {'gameName': 'WTNumber', 'playCount': 1, 'lastPlaySession': 0}, {'gameName': 'Stroop', 'playCount': 1, 'lastPlaySession': 0}, {'gameName': 'SpatialSpanReverse', 'playCount': 1, 'lastPlaySession': 0}, {'gameName': 'TaskSwitch2', 'playCount': 1, 'lastPlaySession': 0}]",1,17,128,1,"ANGLE (NVIDIA, NVIDIA GeForce RTX 2060 SUPER (0x00001F06) Direct3D11 vs_5_0 ps_5_0, D3D11)",0,2,-5,WPI6_j17320561193z94,2024-11-19T22:42:31.000000Z,2024-11-19T22:57:51.000000Z
21,19,10,ACE Explorer,1.22.33,UNDEFINED,None,Windows 10,3,RIGHT,Chrome 131,"[{'score': 23470.0, 'gameName': 'BRT', 'highScore': 23470.0}, {'score': 9940.0, 'gameName': 'WTNumber', 'highScore': 9940.0}, {'score': 43400.0, 'gameName': 'Stroop', 'highScore': 43400.0}, {'score': 32280.0, 'gameName': 'TaskSwitch2', 'highScore': 32280.0}, {'score': 13490.0, 'gameName': 'SpatialSpanReverse', 'highScore': 13490.0}]",0,WPI6_17338825v5e9228,Eastern Standard Time,"[{'gameName': 'BRT', 'playCount': 1, 'lastPlaySession': 0}, {'gameName': 'WTNumber', 'playCount': 1, 'lastPlaySession': 0}, {'gameName': 'Stroop', 'playCount': 1, 'lastPlaySession': 0}, {'gameName': 'SpatialSpanReverse', 'playCount': 1, 'lastPlaySession': 0}, {'gameName': 'TaskSwitch2', 'playCount': 1, 'lastPlaySession': 0}]",1,17,128,1,"ANGLE (Intel, Intel(R) UHD Graphics (0x0000A7A8) Direct3D11 vs_5_0 ps_5_0, D3D11)",0,2,-5,WPI6_17338825v5e9228,2024-12-11T02:04:19.000000Z,2024-12-11T02:21:54.000000Z
22,19,10,ACE Explorer,1.22.33,UNDEFINED,None,Windows 10,3,RIGHT,Chrome 131,"[{'score': 29490.0, 'gameName': 'BRT', 'highScore': 29490.0}, {'score': 9940.0, 'gameName': 'WTNumber', 'highScore': 9940.0}, {'score': 49770.0, 'gameName': 'Stroop', 'highScore': 49770.0}, {'score': 42100.0, 'gameName': 'TaskSwitch2', 'highScore': 42100.0}, {'score': 7100.0, 'gameName': 'SpatialSpanReverse', 'highScore': 7100.0}]",0,WPI6_17g334u18281498,Eastern Standard Time,"[{'gameName': 'BRT', 'playCount': 1, 'lastPlaySession': 0}, {'gameName': 'WTNumber', 'playCount': 1, 'lastPlaySession': 0}, {'gameName': 'Stroop', 'playCount': 1, 'lastPlaySession': 0}, {'gameName': 'SpatialSpanReverse', 'playCount': 1, 'lastPlaySession': 0}, {'gameName': 'TaskSwitch2', 'playCount': 1, 'lastPlaySession': 0}]",1,17,128,1,"ANGLE (Intel, Intel(R) Iris(R) Xe Graphics (0x000046A6) Direct3D11 vs_5_0 ps_5_0, D3D11)",0,2,-5,WPI6_17g334u18281498,2024-12-05T17:06:34.000000Z,2024-12-05T17:24:46.000000Z
23,19,10,ACE Explorer,1.22.33,UNDEFINED,None,Mac OS X 10_15_7,3,RIGHT,Chrome 125,"[{'score': 30270.0, 'gameName': 'BRT', 'highScore': 30270.0}, {'score': 9940.0, 'gameName': 'WTNumber', 'highScore': 9940.0}, {'score': 52140.0, 'gameName': 'Stroop', 'highScore': 52140.0}, {'score': 44880.0, 'gameName': 'TaskSwitch2', 'highScore': 44880.0}, {'score': 7100.0, 'gameName': 'SpatialSpanReverse', 'highScore': 7100.0}]",0,WPI6_1732f06186998p5,Eastern Standard Time,"[{'gameName': 'BRT', 'playCount': 1, 'lastPlaySession': 0}, {'gameName': 'WTNumber', 'playCount': 1, 'lastPlaySession': 0}, {'gameName': 'Stroop', 'playCount': 1, 'lastPlaySession': 0}, {'gameName': 'SpatialSpanReverse', 'playCount': 1, 'lastPlaySession': 0}, {'gameName': 'TaskSwitch2', 'playCount': 1, 'lastPlaySession': 0}]",1,17,128,1,"ANGLE (Apple, ANGLE Metal Renderer: Apple M2, Unspecified Version)",0,2,-5,WPI6_1732f06186998p5,2024-11-20T00:19:32.000000Z,2024-11-20T00:33:27.000000Z
24,18,10,ACE Explorer,1.22.33,UNDEFINED,None,Windows 10,3,LEFT,Chrome 129,"[{'score': 39300.0, 'gameName': 'BRT', 'highScore': 39300.0}, {'score': 9940.0, 'gameName': 'WTNumber', 'highScore': 9940.0}, {'score': 27830.0, 'gameName': 'Stroop', 'highScore': 27830.0}, {'score': 62640.0, 'gameName': 'TaskSwitch2', 'highScore': 62640.0}, {'score': 5680.0, 'gameName': 'SpatialSpanReverse', 'highScore': 5680.0}]",0,WPI6_1c730p668698806,Eastern Standard Time,"[{'gameName': 'BRT', 'playCount': 1, 'lastPlaySession': 0}, {'gameName': 'WTNumber', 'playCount': 1, 'lastPlaySession': 0}, {'gameName': 'Stroop', 'playCount': 1, 'lastPlaySession': 0}, {'gameName': 'SpatialSpanReverse', 'playCount': 1, 'lastPlaySession': 0}, {'gameName': 'TaskSwitch2', 'playCount': 1, 'lastPlaySession': 0}]",1,17,128,1,"ANGLE (Intel, Intel(R) UHD Graphics (0x00008A56) Direct3D11 vs_5_0 ps_5_0, D3D11)",0,2,-5,WPI6_1c730p668698806,2024-11-03T21:19:32.000000Z,2024-11-03T21:34:51.000000Z
25,20,10,ACE Explorer,1.22.33,UNDEFINED,None,Windows 10,3,RIGHT,Chrome 130,"[{'score': 33920.0, 'gameName': 'BRT', 'highScore': 33920.0}, {'score': 9940.0, 'gameName': 'WTNumber', 'highScore': 9940.0}, {'score': 31090.0, 'gameName': 'Stroop', 'highScore': 31090.0}, {'score': 42750.0, 'gameName': 'TaskSwitch2', 'highScore': 42750.0}, {'score': 5680.0, 'gameName': 'SpatialSpanReverse', 'highScore': 5680.0}]",0,WPI6_17gc32670874638,Eastern Standard Time,"[{'gameName': 'BRT', 'playCount': 1, 'lastPlaySession': 0}, {'gameName': 'WTNumber', 'playCount': 1, 'lastPlaySession': 0}, {'gameName': 'Stroop', 'playCount': 1, 'lastPlaySession': 0}, {'gameName': 'SpatialSpanReverse', 'playCount': 1, 'lastPlaySession': 0}, {'gameName': 'TaskSwitch2', 'playCount': 1, 'lastPlaySession': 0}]",1,17,128,1,"ANGLE (Intel, Intel(R) Iris(R) Xe Graphics (0x000046A6) Direct3D11 vs_5_0 ps_5_0, D3D11)",0,2,-5,WPI6_17gc32670874638,2024-11-27T01:28:58.000000Z,2024-11-27T01:44:00.000000Z
26,19,10,ACE Explorer,1.22.33,UNDEFINED,None,Mac OS X 10.15,3,LEFT,Firefox 133,"[{'score': 60040.0, 'gameName': 'BRT', 'highScore': 60040.0}, {'score': 9940.0, 'gameName': 'WTNumber', 'highScore': 9940.0}, {'score': 27750.0, 'gameName': 'Stroop', 'highScore': 27750.0}, {'score': 33940.0, 'gameName': 'TaskSwitch2', 'highScore': 33940.0}, {'score': 5680.0, 'gameName': 'SpatialSpanReverse', 'highScore': 5680.0}]",0,WPI6_17m3326052i0740,Eastern Standard Time,"[{'gameName': 'BRT', 'playCount': 1, 'lastPlaySession': 0}, {'gameName': 'WTNumber', 'playCount': 1, 'lastPlaySession': 0}, {'gameName': 'Stroop', 'playCount': 1, 'lastPlaySession': 0}, {'gameName': 'SpatialSpanReverse', 'playCount': 1, 'lastPlaySession': 0}, {'gameName': 'TaskSwitch2', 'playCount': 1, 'lastPlaySession': 0}]",1,17,256,1,"Apple M1, or similar",0,2,-5,WPI6_17m3326052i0740,2024-12-03T21:15:49.000000Z,2024-12-03T21:31:19.000000Z
27,18,10,ACE Explorer,1.22.33,UNDEFINED,None,Windows 10,3,RIGHT,Chrome 131,"[{'score': 20710.0, 'gameName': 'BRT', 'highScore': 20710.0}, {'score': 9940.0, 'gameName': 'WTNumber', 'highScore': 9940.0}, {'score': 26800.0, 'gameName': 'Stroop', 'highScore': 26800.0}, {'score': 25100.0, 'gameName': 'TaskSwitch2', 'highScore': 25100.0}, {'score': 6390.0, 'gameName': 'SpatialSpanReverse', 'highScore': 6390.0}]",0,WPI6_173g35w09397341,Eastern Standard Time,"[{'gameName': 'BRT', 'playCount': 1, 'lastPlaySession': 0}, {'gameName': 'WTNumber', 'playCount': 1, 'lastPlaySession': 0}, {'gameName': 'Stroop', 'playCount': 1, 'lastPlaySession': 0}, {'gameName': 'SpatialSpanReverse', 'playCount': 1, 'lastPlaySession': 0}, {'gameName': 'TaskSwitch2', 'playCount': 1, 'lastPlaySession': 0}]",1,17,128,1,"ANGLE (Intel, Intel(R) Arc(TM) Graphics (0x00007D55) Direct3D11 vs_5_0 ps_5_0, D3D11)",0,2,-5,WPI6_173g35w09397341,2024-12-06T18:24:02.000000Z,2024-12-06T18:39:20.000000Z
28,19,10,ACE Explorer,1.22.33,UNDEFINED,None,Windows 10,3,RIGHT,Chrome 131,"[{'score': 32020.0, 'gameName': 'BRT', 'highScore': 32020.0}, {'score': 9940.0, 'gameName': 'WTNumber', 'highScore': 9940.0}, {'score': 65050.0, 'gameName': 'Stroop', 'highScore': 65050.0}, {'score': 9960.0, 'gameName': 'TaskSwitch2', 'highScore': 9960.0}]",0,WPI6_173q326165q8542,Eastern Standard Time,"[{'gameName': 'BRT', 'playCount': 1, 'lastPlaySession': 0}, {'gameName': 'WTNumber', 'playCount': 1, 'lastPlaySession': 0}, {'gameName': 'Stroop', 'playCount': 1, 'lastPlaySession': 0}, {'gameName': 'SpatialSpanReverse', 'playCount': 0, 'lastPlaySession': -1}, {'gameName': 'TaskSwitch2', 'playCount': 1, 'lastPlaySession': 0}]",1,17,128,0,"ANGLE (Intel, Intel(R) Iris(R) Xe Graphics (0x000046A6) Direct3D11 vs_5_0 ps_5_0, D3D11)",0,1,-5,WPI6_173q326165q8542,2024-12-03T21:35:32.000000Z,2024-12-03T21:45:46.000000Z
29,23,10,ACE Explorer,1.22.33,UNDEFINED,None,Windows 10,3,RIGHT,Chrome 131,"[{'score': 29820.0, 'gameName': 'BRT', 'highScore': 29820.0}, {'score': 9940.0, 'gameName': 'WTNumber', 'highScore': 9940.0}, {'score': 27770.0, 'gameName': 'Stroop', 'highScore': 27770.0}]",0,WPI6_173d3427z111169,Eastern Standard Time,"[{'gameName': 'BRT', 'playCount': 1, 'lastPlaySession': 0}, {'gameName': 'WTNumber', 'playCount': 1, 'lastPlaySession': 0}, {'gameName': 'Stroop', 'playCount': 1, 'lastPlaySession': 0}, {'gameName': 'SpatialSpanReverse', 'playCount': 0, 'lastPlaySession': -1}, {'gameName': 'TaskSwitch2', 'playCount': 0, 'lastPlaySession': -1}]",1,17,256,0,"ANGLE (Intel, Intel(R) UHD Graphics 630 (0x00003E9B) Direct3D11 vs_5_0 ps_5_0, D3D11)",0,1,-5,WPI6_173d3427z111169,2024-12-05T19:32:49.000000Z,2024-12-05T19:38:52.000000Z
30,20,10,ACE Explorer,1.22.33,UNDEFINED,None,Mac OS X 10_15_7,3,RIGHT,Safari 17.2,"[{'score': 42190.0, 'gameName': 'BRT', 'highScore': 42190.0}, {'score': 9940.0, 'gameName': 'WTNumber', 'highScore': 9940.0}, {'score': 68430.0, 'gameName': 'Stroop', 'highScore': 68430.0}, {'score': 46510.0, 'gameName': 'TaskSwitch2', 'highScore': 46510.0}, {'score': 7810.0, 'gameName': 'SpatialSpanReverse', 'highScore': 7810.0}]",0,WPI6_t173k3427113063,Eastern Standard Time,"[{'gameName': 'BRT', 'playCount': 1, 'lastPlaySession': 0}, {'gameName': 'WTNumber', 'playCount': 1, 'lastPlaySession': 0}, {'gameName': 'Stroop', 'playCount': 1, 'lastPlaySession': 0}, {'gameName': 'SpatialSpanReverse', 'playCount': 1, 'lastPlaySession': 0}, {'gameName': 'TaskSwitch2', 'playCount': 1, 'lastPlaySession': 0}]",1,17,128,1,Apple GPU,0,2,-5,WPI6_t173k3427113063,2024-12-05T19:32:31.000000Z,2024-12-05T19:47:09.000000Z
31,18,10,ACE Explorer,1.22.33,UNDEFINED,None,Windows 10,3,RIGHT,Chrome 131,"[{'score': 42780.0, 'gameName': 'BRT', 'highScore': 42780.0}, {'score': 9940.0, 'gameName': 'WTNumber', 'highScore': 9940.0}, {'score': 52500.0, 'gameName': 'Stroop', 'highScore': 52500.0}, {'score': 58350.0, 'gameName': 'TaskSwitch2', 'highScore': 58350.0}, {'score': 12070.0, 'gameName': 'SpatialSpanReverse', 'highScore': 12070.0}]",0,WPI6_q1r733262180904,Eastern Standard Time,"[{'gameName': 'BRT', 'playCount': 1, 'lastPlaySession': 0}, {'gameName': 'WTNumber', 'playCount': 1, 'lastPlaySession': 0}, {'gameName': 'Stroop', 'playCount': 1, 'lastPlaySession': 0}, {'gameName': 'SpatialSpanReverse', 'playCount': 1, 'lastPlaySession': 0}, {'gameName': 'TaskSwitch2', 'playCount': 1, 'lastPlaySession': 0}]",1,17,128,1,"ANGLE (Intel, Intel(R) Graphics (0x00007D45) Direct3D11 vs_5_0 ps_5_0, D3D11)",0,2,-5,WPI6_q1r733262180904,2024-12-03T21:44:23.000000Z,2024-12-03T22:02:10.000000Z
32,19,10,ACE Explorer,1.22.33,UNDEFINED,None,Mac OS X 10_15_7,3,RIGHT,Chrome 130,"[{'score': 31480.0, 'gameName': 'BRT', 'highScore': 31480.0}, {'score': 9940.0, 'gameName': 'WTNumber', 'highScore': 9940.0}, {'score': 36950.0, 'gameName': 'Stroop', 'highScore': 36950.0}, {'score': 24880.0, 'gameName': 'TaskSwitch2', 'highScore': 24880.0}, {'score': 7100.0, 'gameName': 'SpatialSpanReverse', 'highScore': 7100.0}]",0,WPI6_173377gk2367722,Eastern Standard Time,"[{'gameName': 'BRT', 'playCount': 1, 'lastPlaySession': 0}, {'gameName': 'WTNumber', 'playCount': 1, 'lastPlaySession': 0}, {'gameName': 'Stroop', 'playCount': 1, 'lastPlaySession': 0}, {'gameName': 'SpatialSpanReverse', 'playCount': 1, 'lastPlaySession': 0}, {'gameName': 'TaskSwitch2', 'playCount': 1, 'lastPlaySession': 0}]",1,17,128,1,"ANGLE (Apple, ANGLE Metal Renderer: Apple M2, Unspecified Version)",0,2,-5,WPI6_173377gk2367722,2024-12-09T19:28:52.000000Z,2024-12-09T19:51:48.000000Z
33,19,10,ACE Explorer,1.22.33,UNDEFINED,None,Mac OS X 10_15_7,3,RIGHT,Chrome 129,"[{'score': 32360.0, 'gameName': 'BRT', 'highScore': 32360.0}, {'score': 9940.0, 'gameName': 'WTNumber', 'highScore': 9940.0}, {'score': 49930.0, 'gameName': 'Stroop', 'highScore': 49930.0}, {'score': 59510.0, 'gameName': 'TaskSwitch2', 'highScore': 59510.0}, {'score': 8520.0, 'gameName': 'SpatialSpanReverse', 'highScore': 8520.0}]",0,WPI6_1732n11706z1483,Eastern Standard Time,"[{'gameName': 'BRT', 'playCount': 1, 'lastPlaySession': 0}, {'gameName': 'WTNumber', 'playCount': 1, 'lastPlaySession': 0}, {'gameName': 'Stroop', 'playCount': 1, 'lastPlaySession': 0}, {'gameName': 'SpatialSpanReverse', 'playCount': 1, 'lastPlaySession': 0}, {'gameName': 'TaskSwitch2', 'playCount': 1, 'lastPlaySession': 0}]",1,17,128,1,"ANGLE (Apple, ANGLE Metal Renderer: Apple M2, Unspecified Version)",0,2,-5,WPI6_1732n11706z1483,2024-11-20T15:38:16.000000Z,2024-11-20T16:17:07.000000Z
34,18,10,ACE Explorer,1.22.33,UNDEFINED,None,Windows 10,3,RIGHT,Chrome 131,"[{'score': 23760.0, 'gameName': 'BRT', 'highScore': 23760.0}, {'score': 9940.0, 'gameName': 'WTNumber', 'highScore': 9940.0}, {'score': 16950.0, 'gameName': 'Stroop', 'highScore': 16950.0}, {'score': 7080.0, 'gameName': 'TaskSwitch2', 'highScore': 7080.0}, {'score': 5680.0, 'gameName': 'SpatialSpanReverse', 'highScore': 5680.0}]",0,WPI6_1c73t3962767618,Eastern Standard Time,"[{'gameName': 'BRT', 'playCount': 1, 'lastPlaySession': 0}, {'gameName': 'WTNumber', 'playCount': 1, 'lastPlaySession': 0}, {'gameName': 'Stroop', 'playCount': 1, 'lastPlaySession': 0}, {'gameName': 'SpatialSpanReverse', 'playCount': 1, 'lastPlaySession': 0}, {'gameName': 'TaskSwitch2', 'playCount': 1, 'lastPlaySession': 0}]",1,17,128,1,"ANGLE (Intel, Intel(R) UHD Graphics (0x0000A7A8) Direct3D11 vs_5_0 ps_5_0, D3D11)",0,2,-5,WPI6_1c73t3962767618,2024-12-12T01:44:35.000000Z,2024-12-12T02:02:27.000000Z
35,18,10,ACE Explorer,1.22.33,UNDEFINED,None,Mac OS X 10_15_7,3,RIGHT,Chrome 131,"[{'score': 33140.0, 'gameName': 'BRT', 'highScore': 33140.0}, {'score': 9940.0, 'gameName': 'WTNumber', 'highScore': 9940.0}, {'score': 72620.0, 'gameName': 'Stroop', 'highScore': 72620.0}, {'score': 46770.0, 'gameName': 'TaskSwitch2', 'highScore': 46770.0}, {'score': 7100.0, 'gameName': 'SpatialSpanReverse', 'highScore': 7100.0}]",0,WPI6_17338x618132w85,Eastern Standard Time,"[{'gameName': 'BRT', 'playCount': 1, 'lastPlaySession': 0}, {'gameName': 'WTNumber', 'playCount': 1, 'lastPlaySession': 0}, {'gameName': 'Stroop', 'playCount': 1, 'lastPlaySession': 0}, {'gameName': 'SpatialSpanReverse', 'playCount': 1, 'lastPlaySession': 0}, {'gameName': 'TaskSwitch2', 'playCount': 1, 'lastPlaySession': 0}]",1,17,128,1,"ANGLE (Apple, ANGLE Metal Renderer: Apple M2, Unspecified Version)",0,2,-5,WPI6_17338x618132w85,2024-12-10T20:18:17.000000Z,2024-12-10T20:35:09.000000Z
36,20,10,ACE Explorer,1.22.33,UNDEFINED,None,Mac OS X 10_15_7,3,RIGHT,Safari 18.1,"[{'score': 23480.0, 'gameName': 'BRT', 'highScore': 23480.0}, {'score': 9940.0, 'gameName': 'WTNumber', 'highScore': 9940.0}, {'score': 28830.0, 'gameName': 'Stroop', 'highScore': 28830.0}, {'score': 48320.0, 'gameName': 'TaskSwitch2', 'highScore': 48320.0}, {'score': 5680.0, 'gameName': 'SpatialSpanReverse', 'highScore': 5680.0}]",0,WPI6_17321252q35c400,Eastern Standard Time,"[{'gameName': 'BRT', 'playCount': 1, 'lastPlaySession': 0}, {'gameName': 'WTNumber', 'playCount': 1, 'lastPlaySession': 0}, {'gameName': 'Stroop', 'playCount': 1, 'lastPlaySession': 0}, {'gameName': 'SpatialSpanReverse', 'playCount': 1, 'lastPlaySession': 0}, {'gameName': 'TaskSwitch2', 'playCount': 1, 'lastPlaySession': 0}]",1,17,128,1,Apple GPU,0,2,-5,WPI6_17321252q35c400,2024-11-20T17:54:27.000000Z,2024-11-20T18:08:29.000000Z
37,21,10,ACE Explorer,1.22.33,UNDEFINED,None,Windows 10,3,LEFT,Chrome 131,"[{'score': 26110.0, 'gameName': 'BRT', 'highScore': 26110.0}, {'score': 9940.0, 'gameName': 'WTNumber', 'highScore': 9940.0}, {'score': 86290.0, 'gameName': 'Stroop', 'highScore': 86290.0}, {'score': 48390.0, 'gameName': 'TaskSwitch2', 'highScore': 48390.0}, {'score': 8520.0, 'gameName': 'SpatialSpanReverse', 'highScore': 8520.0}]",0,WPI6_17321k3341129z9,Eastern Standard Time,"[{'gameName': 'BRT', 'playCount': 1, 'lastPlaySession': 0}, {'gameName': 'WTNumber', 'playCount': 1, 'lastPlaySession': 0}, {'gameName': 'Stroop', 'playCount': 1, 'lastPlaySession': 0}, {'gameName': 'SpatialSpanReverse', 'playCount': 1, 'lastPlaySession': 0}, {'gameName': 'TaskSwitch2', 'playCount': 1, 'lastPlaySession': 0}]",1,17,256,1,"ANGLE (AMD, AMD Radeon(TM) Graphics (0x00001638) Direct3D11 vs_5_0 ps_5_0, D3D11)",0,2,-5,WPI6_17321k3341129z9,2024-11-20T20:10:33.000000Z,2024-11-20T20:24:34.000000Z
38,18,10,ACE Explorer,1.22.33,UNDEFINED,None,Windows 10,3,LEFT,Chrome 131,"[{'score': 36810.0, 'gameName': 'BRT', 'highScore': 36810.0}, {'score': 9940.0, 'gameName': 'WTNumber', 'highScore': 9940.0}, {'score': 29130.0, 'gameName': 'Stroop', 'highScore': 29130.0}, {'score': 39520.0, 'gameName': 'TaskSwitch2', 'highScore': 39520.0}, {'score': 7810.0, 'gameName': 'SpatialSpanReverse', 'highScore': 7810.0}]",0,WPI6_1wq733864020191,Eastern Standard Time,"[{'gameName': 'BRT', 'playCount': 1, 'lastPlaySession': 0}, {'gameName': 'WTNumber', 'playCount': 1, 'lastPlaySession': 0}, {'gameName': 'Stroop', 'playCount': 1, 'lastPlaySession': 0}, {'gameName': 'SpatialSpanReverse', 'playCount': 1, 'lastPlaySession': 0}, {'gameName': 'TaskSwitch2', 'playCount': 1, 'lastPlaySession': 0}]",1,17,128,1,"ANGLE (Intel, Intel(R) UHD Graphics (0x0000A721) Direct3D11 vs_5_0 ps_5_0, D3D11)",0,2,-5,WPI6_1wq733864020191,2024-12-10T20:55:00.000000Z,2024-12-10T21:11:06.000000Z
39,18,10,ACE Explorer,1.22.33,UNDEFINED,None,Mac OS X 10_15_7,3,RIGHT,Safari 18,"[{'score': 27210.0, 'gameName': 'BRT', 'highScore': 27210.0}, {'score': 9940.0, 'gameName': 'WTNumber', 'highScore': 9940.0}, {'score': 27660.0, 'gameName': 'Stroop', 'highScore': 27660.0}, {'score': 33270.0, 'gameName': 'TaskSwitch2', 'highScore': 33270.0}, {'score': 4970.0, 'gameName': 'SpatialSpanReverse', 'highScore': 4970.0}]",0,WPI6_173o073186z1469,Eastern Standard Time,"[{'gameName': 'BRT', 'playCount': 1, 'lastPlaySession': 0}, {'gameName': 'WTNumber', 'playCount': 1, 'lastPlaySession': 0}, {'gameName': 'Stroop', 'playCount': 1, 'lastPlaySession': 0}, {'gameName': 'SpatialSpanReverse', 'playCount': 1, 'lastPlaySession': 0}, {'gameName': 'TaskSwitch2', 'playCount': 1, 'lastPlaySession': 0}]",1,17,128,1,Apple GPU,0,2,-5,WPI6_173o073186z1469,2024-11-04T14:51:52.000000Z,2024-11-04T15:11:03.000000Z
40,20,10,ACE Explorer,1.22.33,UNDEFINED,None,Mac OS X 10_15_7,3,RIGHT,Chrome 131,"[{'score': 36620.0, 'gameName': 'BRT', 'highScore': 36620.0}, {'score': 9940.0, 'gameName': 'WTNumber', 'highScore': 9940.0}, {'score': 51420.0, 'gameName': 'Stroop', 'highScore': 51420.0}, {'score': 42470.0, 'gameName': 'TaskSwitch2', 'highScore': 42470.0}, {'score': 7100.0, 'gameName': 'SpatialSpanReverse', 'highScore': 7100.0}]",0,WPI6_173343z22520d13,Eastern Standard Time,"[{'gameName': 'BRT', 'playCount': 1, 'lastPlaySession': 0}, {'gameName': 'WTNumber', 'playCount': 1, 'lastPlaySession': 0}, {'gameName': 'Stroop', 'playCount': 1, 'lastPlaySession': 0}, {'gameName': 'SpatialSpanReverse', 'playCount': 1, 'lastPlaySession': 0}, {'gameName': 'TaskSwitch2', 'playCount': 1, 'lastPlaySession': 0}]",1,17,256,1,"ANGLE (Apple, ANGLE Metal Renderer: Apple M2, Unspecified Version)",0,2,-5,WPI6_173343z22520d13,2024-12-05T20:57:57.000000Z,2024-12-05T21:13:02.000000Z
41,19,10,ACE Explorer,1.22.33,UNDEFINED,None,Windows 10,3,RIGHT,Chrome 131,"[{'score': 12920.0, 'gameName': 'BRT', 'highScore': 12920.0}, {'score': 9940.0, 'gameName': 'WTNumber', 'highScore': 9940.0}, {'score': 29690.0, 'gameName': 'Stroop', 'highScore': 29690.0}, {'score': 46610.0, 'gameName': 'TaskSwitch2', 'highScore': 46610.0}, {'score': 710.0, 'gameName': 'SpatialSpanReverse', 'highScore': 710.0}]",0,WPI6_1l7339482913t05,Eastern Standard Time,"[{'gameName': 'BRT', 'playCount': 1, 'lastPlaySession': 0}, {'gameName': 'WTNumber', 'playCount': 1, 'lastPlaySession': 0}, {'gameName': 'Stroop', 'playCount': 1, 'lastPlaySession': 0}, {'gameName': 'SpatialSpanReverse', 'playCount': 1, 'lastPlaySession': 0}, {'gameName': 'TaskSwitch2', 'playCount': 1, 'lastPlaySession': 0}]",1,17,128,1,"ANGLE (Intel, Intel(R) Iris(R) Xe Graphics (0x000046A6) Direct3D11 vs_5_0 ps_5_0, D3D11)",0,2,-5,WPI6_1l7339482913t05,2024-12-11T20:18:43.000000Z,2024-12-11T20:30:02.000000Z
42,19,10,ACE Explorer,1.22.33,UNDEFINED,None,Windows 10,3,RIGHT,Chrome 132,"[{'score': 34390.0, 'gameName': 'BRT', 'highScore': 34390.0}, {'score': 9940.0, 'gameName': 'WTNumber', 'highScore': 9940.0}, {'score': 20460.0, 'gameName': 'Stroop', 'highScore': 20460.0}, {'score': 15100.0, 'gameName': 'TaskSwitch2', 'highScore': 15100.0}, {'score': 4260.0, 'gameName': 'SpatialSpanReverse', 'highScore': 4260.0}]",0,WPI6_o173817567g7689,Eastern Standard Time,"[{'gameName': 'BRT', 'playCount': 1, 'lastPlaySession': 0}, {'gameName': 'WTNumber', 'playCount': 1, 'lastPlaySession': 0}, {'gameName': 'Stroop', 'playCount': 1, 'lastPlaySession': 0}, {'gameName': 'SpatialSpanReverse', 'playCount': 1, 'lastPlaySession': 0}, {'gameName': 'TaskSwitch2', 'playCount': 1, 'lastPlaySession': 0}]",1,17,128,1,"ANGLE (Intel, Intel(R) Iris(R) Xe Graphics (0x00009A49) Direct3D11 vs_5_0 ps_5_0, D3D11)",0,2,-5,WPI6_o173817567g7689,2025-01-29T18:35:18.000000Z,2025-01-29T18:52:00.000000Z
43,35,10,ACE Explorer,1.22.33,UNDEFINED,None,Mac OS X 10_15_7,3,RIGHT,Chrome 129,"[{'score': 7200.0, 'gameName': 'BRT', 'highScore': 7200.0}, {'score': 9940.0, 'gameName': 'WTNumber', 'highScore': 9940.0}, {'score': -14250.0, 'gameName': 'Stroop', 'highScore': -14250.0}, {'score': -2370.0, 'gameName': 'TaskSwitch2', 'highScore': -2370.0}, {'score': 0.0, 'gameName': 'SpatialSpanReverse', 'highScore': 0.0}]",0,WPI6_172961p31629m81,Eastern Standard Time,"[{'gameName': 'BRT', 'playCount': 1, 'lastPlaySession': 0}, {'gameName': 'WTNumber', 'playCount': 1, 'lastPlaySession': 0}, {'gameName': 'Stroop', 'playCount': 1, 'lastPlaySession': 0}, {'gameName': 'SpatialSpanReverse', 'playCount': 1, 'lastPlaySession': 0}, {'gameName': 'TaskSwitch2', 'playCount': 1, 'lastPlaySession': 0}]",1,17,256,1,"ANGLE (Apple, ANGLE Metal Renderer: Apple M3 Pro, Unspecified Version)",0,2,-4,WPI6_172961p31629m81,2024-10-22T16:11:07.000000Z,2024-10-22T16:37:37.000000Z
44,18,10,ACE Explorer,1.22.33,UNDEFINED,None,Windows 10,3,RIGHT,Chrome 129,"[{'score': 31650.0, 'gameName': 'BRT', 'highScore': 31650.0}, {'score': 9940.0, 'gameName': 'WTNumber', 'highScore': 9940.0}, {'score': 41700.0, 'gameName': 'Stroop', 'highScore': 41700.0}, {'score': 47000.0, 'gameName': 'TaskSwitch2', 'highScore': 47000.0}, {'score': 7810.0, 'gameName': 'SpatialSpanReverse', 'highScore': 7810.0}]",0,WPI6_172964653ia1639,Eastern Standard Time,"[{'gameName': 'BRT', 'playCount': 1, 'lastPlaySession': 0}, {'gameName': 'WTNumber', 'playCount': 1, 'lastPlaySession': 0}, {'gameName': 'Stroop', 'playCount': 1, 'lastPlaySession': 0}, {'gameName': 'SpatialSpanReverse', 'playCount': 1, 'lastPlaySession': 0}, {'gameName': 'TaskSwitch2', 'playCount': 1, 'lastPlaySession': 0}]",1,17,128,1,"ANGLE (AMD, AMD Radeon (TM) Graphics (0x000015E7) Direct3D11 vs_5_0 ps_5_0, D3D11)",0,2,-4,WPI6_172964653ia1639,2024-10-23T01:23:12.000000Z,2024-10-23T01:40:45.000000Z
45,20,10,ACE Explorer,1.22.33,UNDEFINED,None,Windows 10,3,RIGHT,Chrome 129,"[{'score': 27030.0, 'gameName': 'BRT', 'highScore': 27030.0}, {'score': 9940.0, 'gameName': 'WTNumber', 'highScore': 9940.0}, {'score': 77750.0, 'gameName': 'Stroop', 'highScore': 77750.0}, {'score': 54940.0, 'gameName': 'TaskSwitch2', 'highScore': 54940.0}, {'score': 5680.0, 'gameName': 'SpatialSpanReverse', 'highScore': 5680.0}]",0,WPI6_172964je1750738,Eastern Standard Time,"[{'gameName': 'BRT', 'playCount': 1, 'lastPlaySession': 0}, {'gameName': 'WTNumber', 'playCount': 1, 'lastPlaySession': 0}, {'gameName': 'Stroop', 'playCount': 1, 'lastPlaySession': 0}, {'gameName': 'SpatialSpanReverse', 'playCount': 1, 'lastPlaySession': 0}, {'gameName': 'TaskSwitch2', 'playCount': 1, 'lastPlaySession': 0}]",1,17,256,1,"ANGLE (AMD, AMD Radeon(TM) Graphics (0x0000164C) Direct3D11 vs_5_0 ps_5_0, D3D11)",0,2,-4,WPI6_172964je1750738,2024-10-23T00:03:00.000000Z,2024-10-23T00:16:23.000000Z
46,18,10,ACE Explorer,1.22.33,UNDEFINED,None,Mac OS X 10_15_7,3,LEFT,Safari 17.4,"[{'score': 33490.0, 'gameName': 'BRT', 'highScore': 33490.0}, {'score': 9940.0, 'gameName': 'WTNumber', 'highScore': 9940.0}, {'score': 33520.0, 'gameName': 'Stroop', 'highScore': 33520.0}, {'score': 31040.0, 'gameName': 'TaskSwitch2', 'highScore': 31040.0}, {'score': 2130.0, 'gameName': 'SpatialSpanReverse', 'highScore': 2130.0}]",0,WPI6_172z971436g3640,Eastern Standard Time,"[{'gameName': 'BRT', 'playCount': 1, 'lastPlaySession': 0}, {'gameName': 'WTNumber', 'playCount': 1, 'lastPlaySession': 0}, {'gameName': 'Stroop', 'playCount': 1, 'lastPlaySession': 0}, {'gameName': 'SpatialSpanReverse', 'playCount': 1, 'lastPlaySession': 0}, {'gameName': 'TaskSwitch2', 'playCount': 1, 'lastPlaySession': 0}]",1,17,128,1,Apple GPU,0,2,-4,WPI6_172z971436g3640,2024-10-23T20:14:30.000000Z,2024-10-23T20:27:41.000000Z
47,18,10,ACE Explorer,1.22.33,UNDEFINED,None,Windows 10,3,RIGHT,Chrome 130,"[{'score': 26280.0, 'gameName': 'BRT', 'highScore': 26280.0}, {'score': 9940.0, 'gameName': 'WTNumber', 'highScore': 9940.0}, {'score': 34050.0, 'gameName': 'Stroop', 'highScore': 34050.0}, {'score': 52750.0, 'gameName': 'TaskSwitch2', 'highScore': 52750.0}, {'score': 4970.0, 'gameName': 'SpatialSpanReverse', 'highScore': 4970.0}]",0,WPI6_17v297313h20163,Eastern Standard Time,"[{'gameName': 'BRT', 'playCount': 1, 'lastPlaySession': 0}, {'gameName': 'WTNumber', 'playCount': 1, 'lastPlaySession': 0}, {'gameName': 'Stroop', 'playCount': 1, 'lastPlaySession': 0}, {'gameName': 'SpatialSpanReverse', 'playCount': 1, 'lastPlaySession': 0}, {'gameName': 'TaskSwitch2', 'playCount': 1, 'lastPlaySession': 0}]",1,17,128,1,"ANGLE (AMD, AMD Radeon(TM) Graphics (0x00001681) Direct3D11 vs_5_0 ps_5_0, D3D11)",0,2,-4,WPI6_17v297313h20163,2024-10-24T00:55:54.000000Z,2024-10-24T01:11:47.000000Z
48,18,10,ACE Explorer,1.22.33,UNDEFINED,None,Windows 10,3,RIGHT,Chrome 131,"[{'score': 30380.0, 'gameName': 'BRT', 'highScore': 30380.0}, {'score': 9940.0, 'gameName': 'WTNumber', 'highScore': 9940.0}, {'score': 35800.0, 'gameName': 'Stroop', 'highScore': 35800.0}, {'score': 21160.0, 'gameName': 'TaskSwitch2', 'highScore': 21160.0}, {'score': 7100.0, 'gameName': 'SpatialSpanReverse', 'highScore': 7100.0}]",0,WPI6_1733687k3402p19,Eastern Standard Time,"[{'gameName': 'BRT', 'playCount': 1, 'lastPlaySession': 0}, {'gameName': 'WTNumber', 'playCount': 1, 'lastPlaySession': 0}, {'gameName': 'Stroop', 'playCount': 1, 'lastPlaySession': 0}, {'gameName': 'SpatialSpanReverse', 'playCount': 1, 'lastPlaySession': 0}, {'gameName': 'TaskSwitch2', 'playCount': 1, 'lastPlaySession': 0}]",1,17,256,1,"ANGLE (AMD, AMD Radeon 780M Graphics (0x00001900) Direct3D11 vs_5_0 ps_5_0, D3D11)",0,2,-5,WPI6_1733687k3402p19,2024-12-08T19:49:31.000000Z,2024-12-08T20:04:47.000000Z
49,18,10,ACE Explorer,1.22.33,UNDEFINED,None,Windows 10,3,LEFT,Chrome 131,"[{'score': 29850.0, 'gameName': 'BRT', 'highScore': 29850.0}, {'score': 9940.0, 'gameName': 'WTNumber', 'highScore': 9940.0}, {'score': 51390.0, 'gameName': 'Stroop', 'highScore': 51390.0}, {'score': 58180.0, 'gameName': 'TaskSwitch2', 'highScore': 58180.0}, {'score': 10650.0, 'gameName': 'SpatialSpanReverse', 'highScore': 10650.0}]",0,WPI6_173378039p08q93,Eastern Standard Time,"[{'gameName': 'BRT', 'playCount': 1, 'lastPlaySession': 0}, {'gameName': 'WTNumber', 'playCount': 1, 'lastPlaySession': 0}, {'gameName': 'Stroop', 'playCount': 1, 'lastPlaySession': 0}, {'gameName': 'SpatialSpanReverse', 'playCount': 1, 'lastPlaySession': 0}, {'gameName': 'TaskSwitch2', 'playCount': 1, 'lastPlaySession': 0}]",1,17,128,1,"ANGLE (AMD, AMD Radeon 780M Graphics (0x00001900) Direct3D11 vs_5_0 ps_5_0, D3D11)",0,2,-5,WPI6_173378039p08q93,2024-12-09T21:42:27.000000Z,2024-12-09T22:02:05.000000Z
50,20,10,ACE Explorer,1.22.33,UNDEFINED,None,Windows 10,3,RIGHT,Chrome 131,"[{'score': 34280.0, 'gameName': 'BRT', 'highScore': 34280.0}, {'score': 9940.0, 'gameName': 'WTNumber', 'highScore': 9940.0}, {'score': 58640.0, 'gameName': 'Stroop', 'highScore': 58640.0}, {'score': 70220.0, 'gameName': 'TaskSwitch2', 'highScore': 70220.0}, {'score': 7100.0, 'gameName': 'SpatialSpanReverse', 'highScore': 7100.0}]",0,WPI6_17f339q34159746,Eastern Standard Time,"[{'gameName': 'BRT', 'playCount': 1, 'lastPlaySession': 0}, {'gameName': 'WTNumber', 'playCount': 1, 'lastPlaySession': 0}, {'gameName': 'Stroop', 'playCount': 1, 'lastPlaySession': 0}, {'gameName': 'SpatialSpanReverse', 'playCount': 1, 'lastPlaySession': 0}, {'gameName': 'TaskSwitch2', 'playCount': 1, 'lastPlaySession': 0}]",1,17,128,1,"ANGLE (Intel, Intel(R) Iris(R) Xe Graphics (0x0000A7A0) Direct3D11 vs_5_0 ps_5_0, D3D11)",0,2,-5,WPI6_17f339q34159746,2024-12-11T16:24:19.000000Z,2024-12-11T16:40:12.000000Z
51,19,10,ACE Explorer,1.22.33,UNDEFINED,None,Windows 10,3,RIGHT,Chrome 131,"[{'score': 31230.0, 'gameName': 'BRT', 'highScore': 31230.0}, {'score': 9940.0, 'gameName': 'WTNumber', 'highScore': 9940.0}, {'score': 25570.0, 'gameName': 'Stroop', 'highScore': 25570.0}, {'score': 38350.0, 'gameName': 'TaskSwitch2', 'highScore': 38350.0}, {'score': 12780.0, 'gameName': 'SpatialSpanReverse', 'highScore': 12780.0}]",0,WPI6_1732n2e95074607,Eastern Standard Time,"[{'gameName': 'BRT', 'playCount': 1, 'lastPlaySession': 0}, {'gameName': 'WTNumber', 'playCount': 1, 'lastPlaySession': 0}, {'gameName': 'Stroop', 'playCount': 1, 'lastPlaySession': 0}, {'gameName': 'SpatialSpanReverse', 'playCount': 1, 'lastPlaySession': 0}, {'gameName': 'TaskSwitch2', 'playCount': 1, 'lastPlaySession': 0}]",1,17,256,1,"ANGLE (Intel, Intel(R) Iris(R) Xe Graphics (0x0000A7A1) Direct3D11 vs_5_0 ps_5_0, D3D11)",0,2,-5,WPI6_1732n2e95074607,2024-11-22T17:05:50.000000Z,2024-11-22T17:24:20.000000Z
52,19,10,ACE Explorer,1.22.33,UNDEFINED,None,Windows 10,3,RIGHT,Chrome 131,"[{'score': 40330.0, 'gameName': 'BRT', 'highScore': 40330.0}, {'score': 9940.0, 'gameName': 'WTNumber', 'highScore': 9940.0}, {'score': 29250.0, 'gameName': 'Stroop', 'highScore': 29250.0}, {'score': 13110.0, 'gameName': 'TaskSwitch2', 'highScore': 13110.0}, {'score': 4970.0, 'gameName': 'SpatialSpanReverse', 'highScore': 4970.0}]",0,WPI6_1c731899243p416,Eastern Standard Time,"[{'gameName': 'BRT', 'playCount': 1, 'lastPlaySession': 0}, {'gameName': 'WTNumber', 'playCount': 1, 'lastPlaySession': 0}, {'gameName': 'Stroop', 'playCount': 1, 'lastPlaySession': 0}, {'gameName': 'SpatialSpanReverse', 'playCount': 1, 'lastPlaySession': 0}, {'gameName': 'TaskSwitch2', 'playCount': 1, 'lastPlaySession': 0}]",1,17,128,1,"ANGLE (AMD, AMD Radeon (TM) Graphics (0x000015E7) Direct3D11 vs_5_0 ps_5_0, D3D11)",0,2,-5,WPI6_1c731899243p416,2024-11-18T03:09:03.000000Z,2024-11-18T03:27:48.000000Z
53,18,10,ACE Explorer,1.22.33,UNDEFINED,None,Windows 10,3,RIGHT,Firefox 131,"[{'score': 24940.0, 'gameName': 'BRT', 'highScore': 24940.0}, {'score': 9940.0, 'gameName': 'WTNumber', 'highScore': 9940.0}, {'score': 74790.0, 'gameName': 'Stroop', 'highScore': 74790.0}, {'score': 13170.0, 'gameName': 'TaskSwitch2', 'highScore': 13170.0}, {'score': 11360.0, 'gameName': 'SpatialSpanReverse', 'highScore': 11360.0}]",0,WPI6_p17b29773735995,Eastern Standard Time,"[{'gameName': 'BRT', 'playCount': 1, 'lastPlaySession': 0}, {'gameName': 'WTNumber', 'playCount': 1, 'lastPlaySession': 0}, {'gameName': 'Stroop', 'playCount': 1, 'lastPlaySession': 0}, {'gameName': 'SpatialSpanReverse', 'playCount': 1, 'lastPlaySession': 0}, {'gameName': 'TaskSwitch2', 'playCount': 1, 'lastPlaySession': 0}]",1,17,128,1,"ANGLE (Intel, Intel(R) HD Graphics Direct3D11 vs_5_0 ps_5_0), or similar",0,2,-4,WPI6_p17b29773735995,2024-10-24T12:43:19.000000Z,2024-10-24T13:02:30.000000Z
54,19,10,ACE Explorer,1.22.33,UNDEFINED,None,Windows 10,3,RIGHT,Chrome 129,"[{'score': 32290.0, 'gameName': 'BRT', 'highScore': 32290.0}, {'score': 9940.0, 'gameName': 'WTNumber', 'highScore': 9940.0}, {'score': 41210.0, 'gameName': 'Stroop', 'highScore': 41210.0}, {'score': 21730.0, 'gameName': 'TaskSwitch2', 'highScore': 21730.0}, {'score': 7100.0, 'gameName': 'SpatialSpanReverse', 'highScore': 7100.0}]",0,WPI6_173084465wg9125,Eastern Standard Time,"[{'gameName': 'BRT', 'playCount': 1, 'lastPlaySession': 0}, {'gameName': 'WTNumber', 'playCount': 1, 'lastPlaySession': 0}, {'gameName': 'Stroop', 'playCount': 1, 'lastPlaySession': 0}, {'gameName': 'SpatialSpanReverse', 'playCount': 1, 'lastPlaySession': 0}, {'gameName': 'TaskSwitch2', 'playCount': 1, 'lastPlaySession': 0}]",1,17,128,1,"ANGLE (Intel, Intel(R) Iris(R) Xe Graphics (0x0000A7A1) Direct3D11 vs_5_0 ps_5_0, D3D11)",0,2,-5,WPI6_173084465wg9125,2024-11-05T22:16:02.000000Z,2024-11-05T22:29:27.000000Z
55,22,10,ACE Explorer,1.22.33,UNDEFINED,None,Windows 10,3,RIGHT,Chrome 129,"[{'score': 20150.0, 'gameName': 'BRT', 'highScore': 20150.0}, {'score': 9940.0, 'gameName': 'WTNumber', 'highScore': 9940.0}, {'score': 43160.0, 'gameName': 'Stroop', 'highScore': 43160.0}, {'score': 48740.0, 'gameName': 'TaskSwitch2', 'highScore': 48740.0}, {'score': 6390.0, 'gameName': 'SpatialSpanReverse', 'highScore': 6390.0}]",0,WPI6_1s7297926890r26,Eastern Standard Time,"[{'gameName': 'BRT', 'playCount': 1, 'lastPlaySession': 0}, {'gameName': 'WTNumber', 'playCount': 1, 'lastPlaySession': 0}, {'gameName': 'Stroop', 'playCount': 1, 'lastPlaySession': 0}, {'gameName': 'SpatialSpanReverse', 'playCount': 1, 'lastPlaySession': 0}, {'gameName': 'TaskSwitch2', 'playCount': 1, 'lastPlaySession': 0}]",1,17,128,1,"ANGLE (Intel, Intel(R) Iris(R) Xe Graphics (0x00009A49) Direct3D11 vs_5_0 ps_5_0, D3D11)",0,2,-4,WPI6_1s7297926890r26,2024-10-24T17:59:30.000000Z,2024-10-24T21:32:55.000000Z
56,20,10,ACE Explorer,1.22.33,UNDEFINED,None,Mac OS X 10_15_7,3,RIGHT,Chrome 129,"[{'score': 40470.0, 'gameName': 'BRT', 'highScore': 40470.0}, {'score': 9940.0, 'gameName': 'WTNumber', 'highScore': 9940.0}, {'score': 39870.0, 'gameName': 'Stroop', 'highScore': 39870.0}, {'score': 24450.0, 'gameName': 'TaskSwitch2', 'highScore': 24450.0}, {'score': 5680.0, 'gameName': 'SpatialSpanReverse', 'highScore': 5680.0}]",0,WPI6_173388493v28x43,Eastern Standard Time,"[{'gameName': 'BRT', 'playCount': 1, 'lastPlaySession': 0}, {'gameName': 'WTNumber', 'playCount': 1, 'lastPlaySession': 0}, {'gameName': 'Stroop', 'playCount': 1, 'lastPlaySession': 0}, {'gameName': 'SpatialSpanReverse', 'playCount': 1, 'lastPlaySession': 0}, {'gameName': 'TaskSwitch2', 'playCount': 1, 'lastPlaySession': 0}]",1,17,128,1,"ANGLE (Apple, ANGLE Metal Renderer: Apple M2 Pro, Unspecified Version)",0,2,-5,WPI6_173388493v28x43,2024-12-11T06:56:52.000000Z,2024-12-11T07:19:06.000000Z
57,19,10,ACE Explorer,1.22.33,UNDEFINED,None,Mac OS X 10_15_7,3,RIGHT,Chrome 130,"[{'score': 38540.0, 'gameName': 'BRT', 'highScore': 38540.0}, {'score': 9940.0, 'gameName': 'WTNumber', 'highScore': 9940.0}, {'score': 35350.0, 'gameName': 'Stroop', 'highScore': 35350.0}, {'score': 40690.0, 'gameName': 'TaskSwitch2', 'highScore': 40690.0}, {'score': 7810.0, 'gameName': 'SpatialSpanReverse', 'highScore': 7810.0}]",0,WPI6_17t29952p498059,Eastern Standard Time,"[{'gameName': 'BRT', 'playCount': 1, 'lastPlaySession': 0}, {'gameName': 'WTNumber', 'playCount': 1, 'lastPlaySession': 0}, {'gameName': 'Stroop', 'playCount': 1, 'lastPlaySession': 0}, {'gameName': 'SpatialSpanReverse', 'playCount': 1, 'lastPlaySession': 0}, {'gameName': 'TaskSwitch2', 'playCount': 1, 'lastPlaySession': 0}]",1,17,256,1,"ANGLE (Intel, ANGLE Metal Renderer: Intel(R) Iris(TM) Plus Graphics 645, Unspecified Version)",0,2,-4,WPI6_17t29952p498059,2024-10-26T14:26:29.000000Z,2024-10-26T14:42:57.000000Z
58,19,10,ACE Explorer,1.22.33,UNDEFINED,None,Windows 10,3,RIGHT,Chrome 131,"[{'score': 35590.0, 'gameName': 'BRT', 'highScore': 35590.0}, {'score': 9940.0, 'gameName': 'WTNumber', 'highScore': 9940.0}, {'score': 40350.0, 'gameName': 'Stroop', 'highScore': 40350.0}, {'score': 78110.0, 'gameName': 'TaskSwitch2', 'highScore': 78110.0}, {'score': 7810.0, 'gameName': 'SpatialSpanReverse', 'highScore': 7810.0}]",0,WPI6_1y733962t796929,Eastern Standard Time,"[{'gameName': 'BRT', 'playCount': 1, 'lastPlaySession': 0}, {'gameName': 'WTNumber', 'playCount': 1, 'lastPlaySession': 0}, {'gameName': 'Stroop', 'playCount': 1, 'lastPlaySession': 0}, {'gameName': 'SpatialSpanReverse', 'playCount': 1, 'lastPlaySession': 0}, {'gameName': 'TaskSwitch2', 'playCount': 1, 'lastPlaySession': 0}]",1,17,256,1,"ANGLE (AMD, AMD Radeon(TM) Graphics (0x0000164C) Direct3D11 vs_5_0 ps_5_0, D3D11)",0,2,-5,WPI6_1y733962t796929,2024-12-12T00:20:26.000000Z,2024-12-12T00:35:49.000000Z
59,20,10,ACE Explorer,1.22.33,UNDEFINED,None,Mac OS X 10_15_7,3,RIGHT,Safari 17.2,"[{'score': 26630.0, 'gameName': 'BRT', 'highScore': 26630.0}, {'score': 9940.0, 'gameName': 'WTNumber', 'highScore': 9940.0}, {'score': 60660.0, 'gameName': 'Stroop', 'highScore': 60660.0}, {'score': 16310.0, 'gameName': 'TaskSwitch2', 'highScore': 16310.0}, {'score': 2840.0, 'gameName': 'SpatialSpanReverse', 'highScore': 2840.0}]",0,WPI6_173376y1l465318,Eastern Standard Time,"[{'gameName': 'BRT', 'playCount': 1, 'lastPlaySession': 0}, {'gameName': 'WTNumber', 'playCount': 1, 'lastPlaySession': 0}, {'gameName': 'Stroop', 'playCount': 1, 'lastPlaySession': 0}, {'gameName': 'SpatialSpanReverse', 'playCount': 1, 'lastPlaySession': 0}, {'gameName': 'TaskSwitch2', 'playCount': 1, 'lastPlaySession': 0}]",1,17,128,1,Apple GPU,0,2,-5,WPI6_173376y1l465318,2024-12-09T16:24:56.000000Z,2024-12-09T16:36:39.000000Z
60,18,10,ACE Explorer,1.22.33,UNDEFINED,None,Mac OS X 10_15_7,3,RIGHT,Chrome 130,"[{'score': 35360.0, 'gameName': 'BRT', 'highScore': 35360.0}, {'score': 9940.0, 'gameName': 'WTNumber', 'highScore': 9940.0}, {'score': 23270.0, 'gameName': 'Stroop', 'highScore': 23270.0}, {'score': 5850.0, 'gameName': 'TaskSwitch2', 'highScore': 5850.0}, {'score': 4260.0, 'gameName': 'SpatialSpanReverse', 'highScore': 4260.0}]",0,WPI6_im1729883307292,Eastern Standard Time,"[{'gameName': 'BRT', 'playCount': 1, 'lastPlaySession': 0}, {'gameName': 'WTNumber', 'playCount': 1, 'lastPlaySession': 0}, {'gameName': 'Stroop', 'playCount': 1, 'lastPlaySession': 0}, {'gameName': 'SpatialSpanReverse', 'playCount': 1, 'lastPlaySession': 0}, {'gameName': 'TaskSwitch2', 'playCount': 1, 'lastPlaySession': 0}]",1,17,256,1,"ANGLE (Apple, ANGLE Metal Renderer: Apple M3 Max, Unspecified Version)",0,2,-4,WPI6_im1729883307292,2024-10-25T19:09:55.000000Z,2024-10-25T19:33:16.000000Z
61,20,10,ACE Explorer,1.22.33,UNDEFINED,None,Windows 10,3,RIGHT,Chrome 130,"[{'score': 23680.0, 'gameName': 'BRT', 'highScore': 23680.0}, {'score': 9940.0, 'gameName': 'WTNumber', 'highScore': 9940.0}, {'score': 96540.0, 'gameName': 'Stroop', 'highScore': 96540.0}, {'score': 65310.0, 'gameName': 'TaskSwitch2', 'highScore': 65310.0}, {'score': 6390.0, 'gameName': 'SpatialSpanReverse', 'highScore': 6390.0}]",0,WPI6_172995d42826h37,Eastern Standard Time,"[{'gameName': 'BRT', 'playCount': 1, 'lastPlaySession': 0}, {'gameName': 'WTNumber', 'playCount': 1, 'lastPlaySession': 0}, {'gameName': 'Stroop', 'playCount': 1, 'lastPlaySession': 0}, {'gameName': 'SpatialSpanReverse', 'playCount': 1, 'lastPlaySession': 0}, {'gameName': 'TaskSwitch2', 'playCount': 1, 'lastPlaySession': 0}]",1,17,128,1,"ANGLE (Intel, Intel(R) Iris(R) Xe Graphics (0x00009A49) Direct3D11 vs_5_0 ps_5_0, D3D11)",0,2,-4,WPI6_172995d42826h37,2024-10-26T14:52:04.000000Z,2024-10-26T15:08:37.000000Z
62,20,10,ACE Explorer,1.22.33,UNDEFINED,None,Windows 10,3,RIGHT,Firefox 131,"[{'score': 34470.0, 'gameName': 'BRT', 'highScore': 34470.0}, {'score': 9940.0, 'gameName': 'WTNumber', 'highScore': 9940.0}, {'score': 52640.0, 'gameName': 'Stroop', 'highScore': 52640.0}, {'score': 32940.0, 'gameName': 'TaskSwitch2', 'highScore': 32940.0}, {'score': 9940.0, 'gameName': 'SpatialSpanReverse', 'highScore': 9940.0}]",0,WPI6_1v729990s628152,Eastern Standard Time,"[{'gameName': 'BRT', 'playCount': 1, 'lastPlaySession': 0}, {'gameName': 'WTNumber', 'playCount': 1, 'lastPlaySession': 0}, {'gameName': 'Stroop', 'playCount': 1, 'lastPlaySession': 0}, {'gameName': 'SpatialSpanReverse', 'playCount': 1, 'lastPlaySession': 0}, {'gameName': 'TaskSwitch2', 'playCount': 1, 'lastPlaySession': 0}]",1,17,128,1,"ANGLE (Intel, Intel(R) HD Graphics 400 Direct3D11 vs_5_0 ps_5_0), or similar",0,2,-4,WPI6_1v729990s628152,2024-10-27T00:57:41.000000Z,2024-10-27T01:12:18.000000Z
63,18,10,ACE Explorer,1.22.33,UNDEFINED,None,Mac OS X 10_15_7,3,RIGHT,Chrome 128,"[{'score': 38200.0, 'gameName': 'BRT', 'highScore': 38200.0}, {'score': 9940.0, 'gameName': 'WTNumber', 'highScore': 9940.0}, {'score': 38750.0, 'gameName': 'Stroop', 'highScore': 38750.0}, {'score': 48800.0, 'gameName': 'TaskSwitch2', 'highScore': 48800.0}, {'score': 6390.0, 'gameName': 'SpatialSpanReverse', 'highScore': 6390.0}]",0,WPI6_1o72998d8194381,Eastern Standard Time,"[{'gameName': 'BRT', 'playCount': 1, 'lastPlaySession': 0}, {'gameName': 'WTNumber', 'playCount': 1, 'lastPlaySession': 0}, {'gameName': 'Stroop', 'playCount': 1, 'lastPlaySession': 0}, {'gameName': 'SpatialSpanReverse', 'playCount': 1, 'lastPlaySession': 0}, {'gameName': 'TaskSwitch2', 'playCount': 1, 'lastPlaySession': 0}]",1,17,128,1,"ANGLE (Apple, ANGLE Metal Renderer: Apple M1, Unspecified Version)",0,2,-4,WPI6_1o72998d8194381,2024-10-27T00:17:26.000000Z,2024-10-27T00:38:47.000000Z
64,20,10,ACE Explorer,1.22.33,UNDEFINED,None,Mac OS X 10_15_7,3,LEFT,Chrome 128,"[{'score': 30630.0, 'gameName': 'BRT', 'highScore': 30630.0}, {'score': 9940.0, 'gameName': 'WTNumber', 'highScore': 9940.0}, {'score': 49900.0, 'gameName': 'Stroop', 'highScore': 49900.0}, {'score': 73160.0, 'gameName': 'TaskSwitch2', 'highScore': 73160.0}, {'score': 1420.0, 'gameName': 'SpatialSpanReverse', 'highScore': 1420.0}]",0,WPI6_17299937o1947y5,Eastern Standard Time,"[{'gameName': 'BRT', 'playCount': 2, 'lastPlaySession': 1}, {'gameName': 'WTNumber', 'playCount': 2, 'lastPlaySession': 1}, {'gameName': 'Stroop', 'playCount': 1, 'lastPlaySession': 0}, {'gameName': 'SpatialSpanReverse', 'playCount': 1, 'lastPlaySession': 0}, {'gameName': 'TaskSwitch2', 'playCount': 1, 'lastPlaySession': 0}]",1,17,128,1,"ANGLE (Apple, ANGLE Metal Renderer: Apple M2, Unspecified Version)",0,1,-4,WPI6_17299937o1947y5,2024-10-27T01:50:01.000000Z,2024-10-28T21:26:45.000000Z
65,21,10,ACE Explorer,1.22.33,UNDEFINED,None,Mac OS X 10_15_7,3,RIGHT,Chrome 130,"[{'score': 27050.0, 'gameName': 'BRT', 'highScore': 27050.0}, {'score': 9940.0, 'gameName': 'WTNumber', 'highScore': 9940.0}, {'score': 35110.0, 'gameName': 'Stroop', 'highScore': 35110.0}, {'score': 33720.0, 'gameName': 'TaskSwitch2', 'highScore': 33720.0}, {'score': 8520.0, 'gameName': 'SpatialSpanReverse', 'highScore': 8520.0}]",0,WPI6_1f730130297q771,Eastern Standard Time,"[{'gameName': 'BRT', 'playCount': 1, 'lastPlaySession': 0}, {'gameName': 'WTNumber', 'playCount': 1, 'lastPlaySession': 0}, {'gameName': 'Stroop', 'playCount': 1, 'lastPlaySession': 0}, {'gameName': 'SpatialSpanReverse', 'playCount': 1, 'lastPlaySession': 0}, {'gameName': 'TaskSwitch2', 'playCount': 1, 'lastPlaySession': 0}]",1,17,128,1,"ANGLE (Intel, ANGLE Metal Renderer: Intel(R) Iris(TM) Plus Graphics 655, Unspecified Version)",0,2,-4,WPI6_1f730130297q771,2024-10-28T15:45:53.000000Z,2024-10-28T16:01:57.000000Z
66,18,10,ACE Explorer,1.22.33,UNDEFINED,None,Mac OS X 10_15_7,3,RIGHT,Chrome 130,"[{'score': 43920.0, 'gameName': 'BRT', 'highScore': 43920.0}, {'score': 9940.0, 'gameName': 'WTNumber', 'highScore': 9940.0}, {'score': 49780.0, 'gameName': 'Stroop', 'highScore': 49780.0}, {'score': 47920.0, 'gameName': 'TaskSwitch2', 'highScore': 47920.0}, {'score': 1420.0, 'gameName': 'SpatialSpanReverse', 'highScore': 1420.0}]",0,WPI6_d173397n9368828,Eastern Standard Time,"[{'gameName': 'BRT', 'playCount': 1, 'lastPlaySession': 0}, {'gameName': 'WTNumber', 'playCount': 1, 'lastPlaySession': 0}, {'gameName': 'Stroop', 'playCount': 1, 'lastPlaySession': 0}, {'gameName': 'SpatialSpanReverse', 'playCount': 1, 'lastPlaySession': 0}, {'gameName': 'TaskSwitch2', 'playCount': 1, 'lastPlaySession': 0}]",1,17,128,1,"ANGLE (Apple, ANGLE Metal Renderer: Apple M1, Unspecified Version)",0,2,-5,WPI6_d173397n9368828,2024-12-12T04:56:38.000000Z,2024-12-12T05:12:48.000000Z
67,18,10,ACE Explorer,1.22.33,UNDEFINED,None,Windows 10,3,RIGHT,Chrome 130,"[{'score': 33190.0, 'gameName': 'BRT', 'highScore': 33190.0}, {'score': 9940.0, 'gameName': 'WTNumber', 'highScore': 9940.0}, {'score': 65890.0, 'gameName': 'Stroop', 'highScore': 65890.0}, {'score': 39540.0, 'gameName': 'TaskSwitch2', 'highScore': 39540.0}, {'score': 4970.0, 'gameName': 'SpatialSpanReverse', 'highScore': 4970.0}]",0,WPI6_1732480250p4l87,Eastern Standard Time,"[{'gameName': 'BRT', 'playCount': 1, 'lastPlaySession': 0}, {'gameName': 'WTNumber', 'playCount': 1, 'lastPlaySession': 0}, {'gameName': 'Stroop', 'playCount': 1, 'lastPlaySession': 0}, {'gameName': 'SpatialSpanReverse', 'playCount': 1, 'lastPlaySession': 0}, {'gameName': 'TaskSwitch2', 'playCount': 1, 'lastPlaySession': 0}]",1,17,128,1,"ANGLE (Intel, Intel(R) Iris(R) Xe Graphics (0x00009A49) Direct3D11 vs_5_0 ps_5_0, D3D11)",0,2,-5,WPI6_1732480250p4l87,2024-11-24T20:32:23.000000Z,2024-11-24T20:50:36.000000Z
68,18,10,ACE Explorer,1.22.33,UNDEFINED,None,Windows 10,3,RIGHT,Chrome 130,"[{'score': 28170.0, 'gameName': 'BRT', 'highScore': 28170.0}, {'score': 9940.0, 'gameName': 'WTNumber', 'highScore': 9940.0}, {'score': 61510.0, 'gameName': 'Stroop', 'highScore': 61510.0}, {'score': 27080.0, 'gameName': 'TaskSwitch2', 'highScore': 27080.0}, {'score': 6390.0, 'gameName': 'SpatialSpanReverse', 'highScore': 6390.0}]",0,WPI6_17302246zq87473,Eastern Standard Time,"[{'gameName': 'BRT', 'playCount': 1, 'lastPlaySession': 0}, {'gameName': 'WTNumber', 'playCount': 1, 'lastPlaySession': 0}, {'gameName': 'Stroop', 'playCount': 1, 'lastPlaySession': 0}, {'gameName': 'SpatialSpanReverse', 'playCount': 1, 'lastPlaySession': 0}, {'gameName': 'TaskSwitch2', 'playCount': 1, 'lastPlaySession': 0}]",1,17,256,1,"ANGLE (AMD, AMD RadeonT 680M (0x00001681) Direct3D11 vs_5_0 ps_5_0, D3D11)",0,2,-4,WPI6_17302246zq87473,2024-10-29T17:59:13.000000Z,2024-10-29T18:15:40.000000Z
69,21,10,ACE Explorer,1.22.33,UNDEFINED,None,Windows 10,3,RIGHT,Chrome 131,"[{'score': 22950.0, 'gameName': 'BRT', 'highScore': 22950.0}, {'score': 9940.0, 'gameName': 'WTNumber', 'highScore': 9940.0}, {'score': 31830.0, 'gameName': 'Stroop', 'highScore': 31830.0}, {'score': 72650.0, 'gameName': 'TaskSwitch2', 'highScore': 72650.0}, {'score': 6390.0, 'gameName': 'SpatialSpanReverse', 'highScore': 6390.0}]",0,WPI6_1731p98h6309774,Eastern Standard Time,"[{'gameName': 'BRT', 'playCount': 1, 'lastPlaySession': 0}, {'gameName': 'WTNumber', 'playCount': 1, 'lastPlaySession': 0}, {'gameName': 'Stroop', 'playCount': 1, 'lastPlaySession': 0}, {'gameName': 'SpatialSpanReverse', 'playCount': 1, 'lastPlaySession': 0}, {'gameName': 'TaskSwitch2', 'playCount': 1, 'lastPlaySession': 0}]",1,17,128,1,"ANGLE (AMD, AMD Radeon(TM) Graphics (0x0000164C) Direct3D11 vs_5_0 ps_5_0, D3D11)",0,2,-5,WPI6_1731p98h6309774,2024-11-19T03:19:07.000000Z,2024-11-19T03:32:51.000000Z
70,18,10,ACE Explorer,1.22.33,UNDEFINED,None,Mac OS X 10_15_7,3,RIGHT,Safari 17.6,"[{'score': 27450.0, 'gameName': 'BRT', 'highScore': 27450.0}, {'score': 9940.0, 'gameName': 'WTNumber', 'highScore': 9940.0}, {'score': 26930.0, 'gameName': 'Stroop', 'highScore': 26930.0}, {'score': 17800.0, 'gameName': 'TaskSwitch2', 'highScore': 17800.0}, {'score': 4970.0, 'gameName': 'SpatialSpanReverse', 'highScore': 4970.0}]",0,WPI6_17n3308449928h0,Eastern Standard Time,"[{'gameName': 'BRT', 'playCount': 1, 'lastPlaySession': 0}, {'gameName': 'WTNumber', 'playCount': 1, 'lastPlaySession': 0}, {'gameName': 'Stroop', 'playCount': 1, 'lastPlaySession': 0}, {'gameName': 'SpatialSpanReverse', 'playCount': 1, 'lastPlaySession': 0}, {'gameName': 'TaskSwitch2', 'playCount': 1, 'lastPlaySession': 0}]",1,17,128,1,Apple GPU,0,2,-5,WPI6_17n3308449928h0,2024-12-01T20:22:08.000000Z,2024-12-01T20:36:09.000000Z
71,19,10,ACE Explorer,1.22.33,UNDEFINED,None,Windows 10,3,RIGHT,Chrome 131,"[{'score': 33900.0, 'gameName': 'BRT', 'highScore': 33900.0}, {'score': 9940.0, 'gameName': 'WTNumber', 'highScore': 9940.0}, {'score': 59420.0, 'gameName': 'Stroop', 'highScore': 59420.0}, {'score': 60710.0, 'gameName': 'TaskSwitch2', 'highScore': 60710.0}, {'score': 5680.0, 'gameName': 'SpatialSpanReverse', 'highScore': 5680.0}]",0,WPI6_17331100hb17783,Eastern Standard Time,"[{'gameName': 'BRT', 'playCount': 1, 'lastPlaySession': 0}, {'gameName': 'WTNumber', 'playCount': 1, 'lastPlaySession': 0}, {'gameName': 'Stroop', 'playCount': 1, 'lastPlaySession': 0}, {'gameName': 'SpatialSpanReverse', 'playCount': 1, 'lastPlaySession': 0}, {'gameName': 'TaskSwitch2', 'playCount': 1, 'lastPlaySession': 0}]",1,17,256,1,"ANGLE (Intel, Intel(R) Iris(R) Xe Graphics (0x00009A49) Direct3D11 vs_5_0 ps_5_0, D3D11)",0,2,-5,WPI6_17331100hb17783,2024-12-02T03:28:14.000000Z,2024-12-02T03:42:12.000000Z
72,19,10,ACE Explorer,1.22.33,UNDEFINED,None,Windows 10,3,RIGHT,Chrome 130,"[{'score': 42240.0, 'gameName': 'BRT', 'highScore': 42240.0}, {'score': 9940.0, 'gameName': 'WTNumber', 'highScore': 9940.0}, {'score': 58470.0, 'gameName': 'Stroop', 'highScore': 58470.0}, {'score': 62370.0, 'gameName': 'TaskSwitch2', 'highScore': 62370.0}, {'score': 9230.0, 'gameName': 'SpatialSpanReverse', 'highScore': 9230.0}]",0,WPI6_1733110vd258966,Eastern Standard Time,"[{'gameName': 'BRT', 'playCount': 1, 'lastPlaySession': 0}, {'gameName': 'WTNumber', 'playCount': 1, 'lastPlaySession': 0}, {'gameName': 'Stroop', 'playCount': 1, 'lastPlaySession': 0}, {'gameName': 'SpatialSpanReverse', 'playCount': 1, 'lastPlaySession': 0}, {'gameName': 'TaskSwitch2', 'playCount': 1, 'lastPlaySession': 0}]",1,17,128,1,"ANGLE (NVIDIA, NVIDIA GeForce RTX 3050 Laptop GPU (0x000025E2) Direct3D11 vs_5_0 ps_5_0, D3D11)",0,2,-5,WPI6_1733110vd258966,2024-12-02T03:31:28.000000Z,2024-12-02T03:47:07.000000Z
73,18,10,ACE Explorer,1.22.33,UNDEFINED,None,Windows 10,3,LEFT,Chrome 131,"[{'score': 31040.0, 'gameName': 'BRT', 'highScore': 31040.0}, {'score': 9940.0, 'gameName': 'WTNumber', 'highScore': 9940.0}, {'score': 60170.0, 'gameName': 'Stroop', 'highScore': 60170.0}, {'score': 37770.0, 'gameName': 'TaskSwitch2', 'highScore': 37770.0}, {'score': 5680.0, 'gameName': 'SpatialSpanReverse', 'highScore': 5680.0}]",0,WPI6_1d732z553804786,Eastern Standard Time,"[{'gameName': 'BRT', 'playCount': 1, 'lastPlaySession': 0}, {'gameName': 'WTNumber', 'playCount': 1, 'lastPlaySession': 0}, {'gameName': 'Stroop', 'playCount': 1, 'lastPlaySession': 0}, {'gameName': 'SpatialSpanReverse', 'playCount': 1, 'lastPlaySession': 0}, {'gameName': 'TaskSwitch2', 'playCount': 1, 'lastPlaySession': 0}]",1,17,128,1,"ANGLE (Intel, Intel(R) Arc(TM) Graphics (0x00007D55) Direct3D11 vs_5_0 ps_5_0, D3D11)",0,2,-5,WPI6_1d732z553804786,2024-11-25T16:58:14.000000Z,2024-11-25T17:13:17.000000Z
74,19,10,ACE Explorer,1.22.33,UNDEFINED,None,Windows 10,3,RIGHT,Chrome 130,"[{'score': 28080.0, 'gameName': 'BRT', 'highScore': 28080.0}, {'score': 9940.0, 'gameName': 'WTNumber', 'highScore': 9940.0}, {'score': 72380.0, 'gameName': 'Stroop', 'highScore': 72380.0}, {'score': 22000.0, 'gameName': 'TaskSwitch2', 'highScore': 22000.0}, {'score': 6390.0, 'gameName': 'SpatialSpanReverse', 'highScore': 6390.0}]",0,WPI6_173v344849k3973,Eastern Standard Time,"[{'gameName': 'BRT', 'playCount': 1, 'lastPlaySession': 0}, {'gameName': 'WTNumber', 'playCount': 1, 'lastPlaySession': 0}, {'gameName': 'Stroop', 'playCount': 1, 'lastPlaySession': 0}, {'gameName': 'SpatialSpanReverse', 'playCount': 1, 'lastPlaySession': 0}, {'gameName': 'TaskSwitch2', 'playCount': 1, 'lastPlaySession': 0}]",1,17,128,1,"ANGLE (Intel, Intel(R) UHD Graphics 620 (0x00005917) Direct3D11 vs_5_0 ps_5_0, D3D11)",0,2,-5,WPI6_173v344849k3973,2024-12-06T01:30:17.000000Z,2024-12-06T01:45:59.000000Z
75,21,10,ACE Explorer,1.22.33,UNDEFINED,None,Windows 10,3,RIGHT,Chrome 131,"[{'score': 26780.0, 'gameName': 'BRT', 'highScore': 26780.0}, {'score': 9940.0, 'gameName': 'WTNumber', 'highScore': 9940.0}, {'score': 25400.0, 'gameName': 'Stroop', 'highScore': 25400.0}, {'score': 20460.0, 'gameName': 'TaskSwitch2', 'highScore': 20460.0}, {'score': 6390.0, 'gameName': 'SpatialSpanReverse', 'highScore': 6390.0}]",0,WPI6_17338709n4643h7,Eastern Standard Time,"[{'gameName': 'BRT', 'playCount': 1, 'lastPlaySession': 0}, {'gameName': 'WTNumber', 'playCount': 1, 'lastPlaySession': 0}, {'gameName': 'Stroop', 'playCount': 1, 'lastPlaySession': 0}, {'gameName': 'SpatialSpanReverse', 'playCount': 1, 'lastPlaySession': 0}, {'gameName': 'TaskSwitch2', 'playCount': 1, 'lastPlaySession': 0}]",1,17,256,1,"ANGLE (Intel, Intel(R) UHD Graphics (0x00009BC4) Direct3D11 vs_5_0 ps_5_0, D3D11)",0,2,-5,WPI6_17338709n4643h7,2024-12-10T22:50:16.000000Z,2024-12-10T23:07:38.000000Z
76,19,10,ACE Explorer,1.22.33,UNDEFINED,None,Windows 10,3,RIGHT,Chrome 131,"[{'score': 25860.0, 'gameName': 'BRT', 'highScore': 25860.0}, {'score': 9940.0, 'gameName': 'WTNumber', 'highScore': 9940.0}, {'score': 34250.0, 'gameName': 'Stroop', 'highScore': 34250.0}, {'score': 31400.0, 'gameName': 'TaskSwitch2', 'highScore': 31400.0}, {'score': 7810.0, 'gameName': 'SpatialSpanReverse', 'highScore': 7810.0}]",0,WPI6_y173o3868476910,Eastern Standard Time,"[{'gameName': 'BRT', 'playCount': 1, 'lastPlaySession': 0}, {'gameName': 'WTNumber', 'playCount': 1, 'lastPlaySession': 0}, {'gameName': 'Stroop', 'playCount': 1, 'lastPlaySession': 0}, {'gameName': 'SpatialSpanReverse', 'playCount': 1, 'lastPlaySession': 0}, {'gameName': 'TaskSwitch2', 'playCount': 1, 'lastPlaySession': 0}]",1,17,128,1,"ANGLE (NVIDIA, NVIDIA GeForce RTX 3070 Laptop GPU (0x0000249D) Direct3D11 vs_5_0 ps_5_0, D3D11)",0,2,-5,WPI6_y173o3868476910,2024-12-10T22:08:30.000000Z,2024-12-10T22:23:07.000000Z
77,21,10,ACE Explorer,1.22.33,UNDEFINED,None,Mac OS X 10_15_7,3,RIGHT,Chrome 128,"[{'score': 30330.0, 'gameName': 'BRT', 'highScore': 30330.0}, {'score': 9940.0, 'gameName': 'WTNumber', 'highScore': 9940.0}, {'score': 52540.0, 'gameName': 'Stroop', 'highScore': 52540.0}, {'score': 55000.0, 'gameName': 'TaskSwitch2', 'highScore': 55000.0}, {'score': 4970.0, 'gameName': 'SpatialSpanReverse', 'highScore': 4970.0}]",0,WPI6_v1o731016901691,Eastern Standard Time,"[{'gameName': 'BRT', 'playCount': 1, 'lastPlaySession': 0}, {'gameName': 'WTNumber', 'playCount': 1, 'lastPlaySession': 0}, {'gameName': 'Stroop', 'playCount': 1, 'lastPlaySession': 0}, {'gameName': 'SpatialSpanReverse', 'playCount': 1, 'lastPlaySession': 0}, {'gameName': 'TaskSwitch2', 'playCount': 1, 'lastPlaySession': 0}]",1,17,128,1,"ANGLE (Apple, ANGLE Metal Renderer: Apple M1, Unspecified Version)",0,2,-5,WPI6_v1o731016901691,2024-11-07T22:03:01.000000Z,2024-11-07T22:21:00.000000Z
78,19,10,ACE Explorer,1.22.33,UNDEFINED,None,Mac OS X 10_15_7,3,RIGHT,Chrome 127,"[{'score': 40820.0, 'gameName': 'BRT', 'highScore': 40820.0}, {'score': 9940.0, 'gameName': 'WTNumber', 'highScore': 9940.0}, {'score': 34150.0, 'gameName': 'Stroop', 'highScore': 34150.0}, {'score': 24500.0, 'gameName': 'TaskSwitch2', 'highScore': 24500.0}, {'score': 7100.0, 'gameName': 'SpatialSpanReverse', 'highScore': 7100.0}]",0,WPI6_173102fk4950044,Eastern Standard Time,"[{'gameName': 'BRT', 'playCount': 1, 'lastPlaySession': 0}, {'gameName': 'WTNumber', 'playCount': 1, 'lastPlaySession': 0}, {'gameName': 'Stroop', 'playCount': 1, 'lastPlaySession': 0}, {'gameName': 'SpatialSpanReverse', 'playCount': 1, 'lastPlaySession': 0}, {'gameName': 'TaskSwitch2', 'playCount': 1, 'lastPlaySession': 0}]",1,17,128,1,"ANGLE (Apple, ANGLE Metal Renderer: Apple M2, Unspecified Version)",0,2,-5,WPI6_173102fk4950044,2024-11-08T00:16:20.000000Z,2024-11-08T00:32:21.000000Z
79,20,10,ACE Explorer,1.22.33,UNDEFINED,None,Windows 10,3,RIGHT,Chrome 131,"[{'score': 36350.0, 'gameName': 'BRT', 'highScore': 36350.0}, {'score': 9940.0, 'gameName': 'WTNumber', 'highScore': 9940.0}, {'score': 52120.0, 'gameName': 'Stroop', 'highScore': 52120.0}, {'score': 27800.0, 'gameName': 'TaskSwitch2', 'highScore': 27800.0}, {'score': 5680.0, 'gameName': 'SpatialSpanReverse', 'highScore': 5680.0}]",0,WPI6_l1733792v298275,Eastern Standard Time,"[{'gameName': 'BRT', 'playCount': 1, 'lastPlaySession': 0}, {'gameName': 'WTNumber', 'playCount': 1, 'lastPlaySession': 0}, {'gameName': 'Stroop', 'playCount': 1, 'lastPlaySession': 0}, {'gameName': 'SpatialSpanReverse', 'playCount': 1, 'lastPlaySession': 0}, {'gameName': 'TaskSwitch2', 'playCount': 1, 'lastPlaySession': 0}]",1,17,256,1,"ANGLE (Intel, Intel(R) UHD Graphics (0x00009A60) Direct3D11 vs_5_0 ps_5_0, D3D11)",0,2,-5,WPI6_l1733792v298275,2024-12-10T00:59:00.000000Z,2024-12-10T01:26:11.000000Z
80,20,10,ACE Explorer,1.22.33,UNDEFINED,None,Windows 10,3,RIGHT,Chrome 131,"[{'score': 21680.0, 'gameName': 'BRT', 'highScore': 21680.0}, {'score': 9940.0, 'gameName': 'WTNumber', 'highScore': 9940.0}, {'score': 47750.0, 'gameName': 'Stroop', 'highScore': 47750.0}, {'score': 49180.0, 'gameName': 'TaskSwitch2', 'highScore': 49180.0}, {'score': 7810.0, 'gameName': 'SpatialSpanReverse', 'highScore': 7810.0}]",0,WPI6_1733a8059h60889,Eastern Standard Time,"[{'gameName': 'BRT', 'playCount': 1, 'lastPlaySession': 0}, {'gameName': 'WTNumber', 'playCount': 1, 'lastPlaySession': 0}, {'gameName': 'Stroop', 'playCount': 1, 'lastPlaySession': 0}, {'gameName': 'SpatialSpanReverse', 'playCount': 1, 'lastPlaySession': 0}, {'gameName': 'TaskSwitch2', 'playCount': 1, 'lastPlaySession': 0}]",1,17,128,1,"ANGLE (Intel, Intel(R) UHD Graphics (0x00009A60) Direct3D11 vs_5_0 ps_5_0, D3D11)",0,2,-5,WPI6_1733a8059h60889,2024-12-10T04:46:24.000000Z,2024-12-10T05:03:33.000000Z
81,20,10,ACE Explorer,1.22.33,UNDEFINED,None,Mac OS X 10_15_7,3,RIGHT,Chrome 129,"[{'score': 18140.0, 'gameName': 'BRT', 'highScore': 18140.0}, {'score': 9940.0, 'gameName': 'WTNumber', 'highScore': 9940.0}, {'score': 44070.0, 'gameName': 'Stroop', 'highScore': 44070.0}, {'score': 21570.0, 'gameName': 'TaskSwitch2', 'highScore': 21570.0}, {'score': 9230.0, 'gameName': 'SpatialSpanReverse', 'highScore': 9230.0}]",0,WPI6_173038474v3d659,Eastern Standard Time,"[{'gameName': 'BRT', 'playCount': 1, 'lastPlaySession': 0}, {'gameName': 'WTNumber', 'playCount': 1, 'lastPlaySession': 0}, {'gameName': 'Stroop', 'playCount': 1, 'lastPlaySession': 0}, {'gameName': 'SpatialSpanReverse', 'playCount': 1, 'lastPlaySession': 0}, {'gameName': 'TaskSwitch2', 'playCount': 1, 'lastPlaySession': 0}]",1,17,128,1,"ANGLE (Intel, ANGLE Metal Renderer: Intel(R) Iris(TM) Plus Graphics, Unspecified Version)",0,2,-4,WPI6_173038474v3d659,2024-10-31T14:28:03.000000Z,2024-10-31T14:59:56.000000Z
82,18,10,ACE Explorer,1.22.33,UNDEFINED,None,Windows 10,3,RIGHT,Chrome 131,"[{'score': 31000.0, 'gameName': 'BRT', 'highScore': 31000.0}, {'score': 9940.0, 'gameName': 'WTNumber', 'highScore': 9940.0}, {'score': 36490.0, 'gameName': 'Stroop', 'highScore': 36490.0}, {'score': 42990.0, 'gameName': 'TaskSwitch2', 'highScore': 42990.0}, {'score': 7810.0, 'gameName': 'SpatialSpanReverse', 'highScore': 7810.0}]",0,WPI6_17337j6800257n0,Eastern Standard Time,"[{'gameName': 'BRT', 'playCount': 1, 'lastPlaySession': 0}, {'gameName': 'WTNumber', 'playCount': 1, 'lastPlaySession': 0}, {'gameName': 'Stroop', 'playCount': 1, 'lastPlaySession': 0}, {'gameName': 'SpatialSpanReverse', 'playCount': 1, 'lastPlaySession': 0}, {'gameName': 'TaskSwitch2', 'playCount': 1, 'lastPlaySession': 0}]",1,17,128,1,"ANGLE (Intel, Intel(R) UHD Graphics (0x00004688) Direct3D11 vs_5_0 ps_5_0, D3D11)",0,2,-5,WPI6_17337j6800257n0,2024-12-09T18:14:32.000000Z,2024-12-09T18:32:39.000000Z
83,19,10,ACE Explorer,1.22.33,UNDEFINED,None,Windows 10,3,RIGHT,Chrome 131,"[{'score': 38490.0, 'gameName': 'BRT', 'highScore': 38490.0}, {'score': 9940.0, 'gameName': 'WTNumber', 'highScore': 9940.0}, {'score': 36250.0, 'gameName': 'Stroop', 'highScore': 36250.0}, {'score': 23080.0, 'gameName': 'TaskSwitch2', 'highScore': 23080.0}, {'score': 5680.0, 'gameName': 'SpatialSpanReverse', 'highScore': 5680.0}]",0,WPI6_1v733i955008467,Eastern Standard Time,"[{'gameName': 'BRT', 'playCount': 1, 'lastPlaySession': 0}, {'gameName': 'WTNumber', 'playCount': 1, 'lastPlaySession': 0}, {'gameName': 'Stroop', 'playCount': 1, 'lastPlaySession': 0}, {'gameName': 'SpatialSpanReverse', 'playCount': 1, 'lastPlaySession': 0}, {'gameName': 'TaskSwitch2', 'playCount': 1, 'lastPlaySession': 0}]",1,17,128,1,"ANGLE (AMD, AMD Radeon(TM) Graphics (0x00001681) Direct3D11 vs_5_0 ps_5_0, D3D11)",0,2,-5,WPI6_1v733i955008467,2024-12-11T22:11:43.000000Z,2024-12-11T22:24:14.000000Z
84,19,10,ACE Explorer,1.22.33,UNDEFINED,None,Windows 10,3,LEFT,Chrome 131,"[{'score': 27870.0, 'gameName': 'BRT', 'highScore': 27870.0}, {'score': 9940.0, 'gameName': 'WTNumber', 'highScore': 9940.0}, {'score': 39200.0, 'gameName': 'Stroop', 'highScore': 39200.0}, {'score': 38290.0, 'gameName': 'TaskSwitch2', 'highScore': 38290.0}, {'score': 8520.0, 'gameName': 'SpatialSpanReverse', 'highScore': 8520.0}]",0,WPI6_1733770t03c8588,Eastern Standard Time,"[{'gameName': 'BRT', 'playCount': 1, 'lastPlaySession': 0}, {'gameName': 'WTNumber', 'playCount': 1, 'lastPlaySession': 0}, {'gameName': 'Stroop', 'playCount': 1, 'lastPlaySession': 0}, {'gameName': 'SpatialSpanReverse', 'playCount': 1, 'lastPlaySession': 0}, {'gameName': 'TaskSwitch2', 'playCount': 1, 'lastPlaySession': 0}]",1,17,128,1,"ANGLE (Intel, Intel(R) UHD Graphics (0x0000A788) Direct3D11 vs_5_0 ps_5_0, D3D11)",0,2,-5,WPI6_1733770t03c8588,2024-12-09T18:47:52.000000Z,2024-12-09T19:04:07.000000Z
85,22,10,ACE Explorer,1.22.33,UNDEFINED,None,Windows 10,3,RIGHT,Chrome 130,"[{'score': 30080.0, 'gameName': 'BRT', 'highScore': 30080.0}, {'score': 9940.0, 'gameName': 'WTNumber', 'highScore': 9940.0}, {'score': 82070.0, 'gameName': 'Stroop', 'highScore': 82070.0}, {'score': 32790.0, 'gameName': 'TaskSwitch2', 'highScore': 32790.0}, {'score': 6390.0, 'gameName': 'SpatialSpanReverse', 'highScore': 6390.0}]",0,WPI6_1i73396523t4991,Eastern Standard Time,"[{'gameName': 'BRT', 'playCount': 1, 'lastPlaySession': 0}, {'gameName': 'WTNumber', 'playCount': 1, 'lastPlaySession': 0}, {'gameName': 'Stroop', 'playCount': 1, 'lastPlaySession': 0}, {'gameName': 'SpatialSpanReverse', 'playCount': 1, 'lastPlaySession': 0}, {'gameName': 'TaskSwitch2', 'playCount': 1, 'lastPlaySession': 0}]",1,17,128,1,"ANGLE (Intel, Intel(R) Iris(R) Xe Graphics (0x00009A49) Direct3D11 vs_5_0 ps_5_0, D3D11)",0,2,-5,WPI6_1i73396523t4991,2024-12-12T01:01:23.000000Z,2024-12-12T01:17:56.000000Z
86,21,10,ACE Explorer,1.22.33,UNDEFINED,None,Windows 10,3,RIGHT,Chrome 130,"[{'score': 35850.0, 'gameName': 'BRT', 'highScore': 35850.0}, {'score': 9940.0, 'gameName': 'WTNumber', 'highScore': 9940.0}, {'score': 64250.0, 'gameName': 'Stroop', 'highScore': 64250.0}, {'score': 37890.0, 'gameName': 'TaskSwitch2', 'highScore': 37890.0}, {'score': 10650.0, 'gameName': 'SpatialSpanReverse', 'highScore': 10650.0}]",0,WPI6_e1733y347534582,Eastern Standard Time,"[{'gameName': 'BRT', 'playCount': 1, 'lastPlaySession': 0}, {'gameName': 'WTNumber', 'playCount': 1, 'lastPlaySession': 0}, {'gameName': 'Stroop', 'playCount': 1, 'lastPlaySession': 0}, {'gameName': 'SpatialSpanReverse', 'playCount': 1, 'lastPlaySession': 0}, {'gameName': 'TaskSwitch2', 'playCount': 1, 'lastPlaySession': 0}]",1,17,128,1,"ANGLE (Intel, Intel(R) UHD Graphics (0x00009A60) Direct3D11 vs_5_0 ps_5_0, D3D11)",0,2,-5,WPI6_e1733y347534582,2024-12-04T21:26:36.000000Z,2024-12-04T21:45:37.000000Z
87,21,10,ACE Explorer,1.22.33,UNDEFINED,None,Windows 10,3,RIGHT,Chrome 130,"[{'score': 26030.0, 'gameName': 'BRT', 'highScore': 26030.0}, {'score': 9940.0, 'gameName': 'WTNumber', 'highScore': 9940.0}, {'score': 33500.0, 'gameName': 'Stroop', 'highScore': 33500.0}, {'score': 740.0, 'gameName': 'TaskSwitch2', 'highScore': 740.0}, {'score': 3550.0, 'gameName': 'SpatialSpanReverse', 'highScore': 3550.0}]",0,WPI6_1i7304e00496415,Eastern Standard Time,"[{'gameName': 'BRT', 'playCount': 1, 'lastPlaySession': 0}, {'gameName': 'WTNumber', 'playCount': 1, 'lastPlaySession': 0}, {'gameName': 'Stroop', 'playCount': 1, 'lastPlaySession': 0}, {'gameName': 'SpatialSpanReverse', 'playCount': 1, 'lastPlaySession': 0}, {'gameName': 'TaskSwitch2', 'playCount': 1, 'lastPlaySession': 0}]",1,17,256,1,"ANGLE (Intel, Intel(R) UHD Graphics 600 (0x00003185) Direct3D11 vs_5_0 ps_5_0, D3D11)",0,2,-4,WPI6_1i7304e00496415,2024-10-31T18:50:19.000000Z,2024-10-31T19:05:39.000000Z
88,18,10,ACE Explorer,1.22.33,UNDEFINED,None,Windows 10,3,RIGHT,Chrome 131,"[{'score': 53550.0, 'gameName': 'BRT', 'highScore': 53550.0}, {'score': 9940.0, 'gameName': 'WTNumber', 'highScore': 9940.0}, {'score': 36780.0, 'gameName': 'Stroop', 'highScore': 36780.0}, {'score': 39770.0, 'gameName': 'TaskSwitch2', 'highScore': 39770.0}, {'score': 6390.0, 'gameName': 'SpatialSpanReverse', 'highScore': 6390.0}]",0,WPI6_17z337n71914500,Eastern Standard Time,"[{'gameName': 'BRT', 'playCount': 1, 'lastPlaySession': 0}, {'gameName': 'WTNumber', 'playCount': 1, 'lastPlaySession': 0}, {'gameName': 'Stroop', 'playCount': 1, 'lastPlaySession': 0}, {'gameName': 'SpatialSpanReverse', 'playCount': 1, 'lastPlaySession': 0}, {'gameName': 'TaskSwitch2', 'playCount': 1, 'lastPlaySession': 0}]",1,17,128,1,"ANGLE (Intel, Intel(R) UHD Graphics (0x0000A788) Direct3D11 vs_5_0 ps_5_0, D3D11)",0,2,-5,WPI6_17z337n71914500,2024-12-09T19:19:06.000000Z,2024-12-09T19:38:11.000000Z
89,19,10,ACE Explorer,1.22.33,UNDEFINED,None,Mac OS X 10_15_7,3,RIGHT,Chrome 130,"[{'score': 24570.0, 'gameName': 'BRT', 'highScore': 24570.0}, {'score': 9940.0, 'gameName': 'WTNumber', 'highScore': 9940.0}, {'score': 57630.0, 'gameName': 'Stroop', 'highScore': 57630.0}, {'score': 38060.0, 'gameName': 'TaskSwitch2', 'highScore': 38060.0}, {'score': 6390.0, 'gameName': 'SpatialSpanReverse', 'highScore': 6390.0}]",0,WPI6_17pd30418782931,Eastern Standard Time,"[{'gameName': 'BRT', 'playCount': 1, 'lastPlaySession': 0}, {'gameName': 'WTNumber', 'playCount': 1, 'lastPlaySession': 0}, {'gameName': 'Stroop', 'playCount': 1, 'lastPlaySession': 0}, {'gameName': 'SpatialSpanReverse', 'playCount': 1, 'lastPlaySession': 0}, {'gameName': 'TaskSwitch2', 'playCount': 1, 'lastPlaySession': 0}]",1,17,128,1,"ANGLE (Apple, ANGLE Metal Renderer: Apple M2, Unspecified Version)",0,2,-4,WPI6_17pd30418782931,2024-10-31T23:53:58.000000Z,2024-11-01T00:08:14.000000Z
90,18,34,ACE Explorer,1.22.33,UNDEFINED,None,Windows 10,3,LEFT,Chrome 130,"[{'score': 31320.0, 'gameName': 'BRT', 'highScore': 31320.0}, {'score': 9940.0, 'gameName': 'WTNumber', 'highScore': 9940.0}, {'score': 46290.0, 'gameName': 'Stroop', 'highScore': 46290.0}, {'score': 37410.0, 'gameName': 'TaskSwitch2', 'highScore': 37410.0}, {'score': 6390.0, 'gameName': 'SpatialSpanReverse', 'highScore': 6390.0}]",0,WPI6_17h3110578387b4,Eastern Standard Time,"[{'gameName': 'BRT', 'playCount': 1, 'lastPlaySession': 0}, {'gameName': 'WTNumber', 'playCount': 1, 'lastPlaySession': 0}, {'gameName': 'Stroop', 'playCount': 1, 'lastPlaySession': 0}, {'gameName': 'SpatialSpanReverse', 'playCount': 1, 'lastPlaySession': 0}, {'gameName': 'TaskSwitch2', 'playCount': 1, 'lastPlaySession': 0}]",1,17,256,1,"ANGLE (Intel, Intel(R) UHD Graphics 620 (0x00005917) Direct3D11 vs_5_0 ps_5_0, D3D11)",0,2,-5,WPI6_17h3110578387b4,2024-11-08T22:44:07.000000Z,2024-11-08T23:01:23.000000Z
91,20,10,ACE Explorer,1.22.33,UNDEFINED,None,Windows 10,3,RIGHT,Chrome 131,"[{'score': 33120.0, 'gameName': 'BRT', 'highScore': 33120.0}, {'score': 9940.0, 'gameName': 'WTNumber', 'highScore': 9940.0}, {'score': 53430.0, 'gameName': 'Stroop', 'highScore': 53430.0}, {'score': 18500.0, 'gameName': 'TaskSwitch2', 'highScore': 18500.0}, {'score': 4970.0, 'gameName': 'SpatialSpanReverse', 'highScore': 4970.0}]",0,WPI6_1i7z33955583506,Eastern Standard Time,"[{'gameName': 'BRT', 'playCount': 1, 'lastPlaySession': 0}, {'gameName': 'WTNumber', 'playCount': 1, 'lastPlaySession': 0}, {'gameName': 'Stroop', 'playCount': 1, 'lastPlaySession': 0}, {'gameName': 'SpatialSpanReverse', 'playCount': 1, 'lastPlaySession': 0}, {'gameName': 'TaskSwitch2', 'playCount': 1, 'lastPlaySession': 0}]",1,17,128,1,"ANGLE (NVIDIA, NVIDIA GeForce RTX 3080 (0x00002206) Direct3D11 vs_5_0 ps_5_0, D3D11)",0,2,-5,WPI6_1i7z33955583506,2024-12-11T22:20:31.000000Z,2024-12-11T22:33:51.000000Z
92,19,10,ACE Explorer,1.22.33,UNDEFINED,None,Windows 10,3,RIGHT,Chrome 132,"[{'score': 29100.0, 'gameName': 'BRT', 'highScore': 29100.0}, {'score': 9940.0, 'gameName': 'WTNumber', 'highScore': 9940.0}, {'score': 52050.0, 'gameName': 'Stroop', 'highScore': 52050.0}, {'score': 19290.0, 'gameName': 'TaskSwitch2', 'highScore': 19290.0}, {'score': 7810.0, 'gameName': 'SpatialSpanReverse', 'highScore': 7810.0}]",0,WPI6_1737e74876m2689,Eastern Standard Time,"[{'gameName': 'BRT', 'playCount': 1, 'lastPlaySession': 0}, {'gameName': 'WTNumber', 'playCount': 1, 'lastPlaySession': 0}, {'gameName': 'Stroop', 'playCount': 1, 'lastPlaySession': 0}, {'gameName': 'SpatialSpanReverse', 'playCount': 1, 'lastPlaySession': 0}, {'gameName': 'TaskSwitch2', 'playCount': 1, 'lastPlaySession': 0}]",1,17,128,1,"ANGLE (Intel, Intel(R) Iris(R) Xe Graphics (0x0000A7A0) Direct3D11 vs_5_0 ps_5_0, D3D11)",0,2,-5,WPI6_1737e74876m2689,2025-01-24T20:00:40.000000Z,2025-01-24T22:01:33.000000Z
93,21,10,ACE Explorer,1.22.33,UNDEFINED,None,Windows 10,3,RIGHT,Chrome 132,"[{'score': 29910.0, 'gameName': 'BRT', 'highScore': 29910.0}, {'score': 9940.0, 'gameName': 'WTNumber', 'highScore': 9940.0}, {'score': 27470.0, 'gameName': 'Stroop', 'highScore': 27470.0}, {'score': 15890.0, 'gameName': 'TaskSwitch2', 'highScore': 15890.0}]",0,WPI6_17u37n859249841,Eastern Standard Time,"[{'gameName': 'BRT', 'playCount': 1, 'lastPlaySession': 0}, {'gameName': 'WTNumber', 'playCount': 1, 'lastPlaySession': 0}, {'gameName': 'Stroop', 'playCount': 1, 'lastPlaySession': 0}, {'gameName': 'SpatialSpanReverse', 'playCount': 0, 'lastPlaySession': -1}, {'gameName': 'TaskSwitch2', 'playCount': 1, 'lastPlaySession': 0}]",1,17,128,0,"ANGLE (Intel, Intel(R) UHD Graphics (0x0000A788) Direct3D11 vs_5_0 ps_5_0, D3D11)",0,1,-5,WPI6_17u37n859249841,2025-01-26T02:41:15.000000Z,2025-01-26T02:50:34.000000Z
94,21,10,ACE Explorer,1.22.33,UNDEFINED,None,Windows 10,3,RIGHT,Chrome 132,"[{'score': 25000.0, 'gameName': 'BRT', 'highScore': 25000.0}, {'score': 9940.0, 'gameName': 'WTNumber', 'highScore': 9940.0}, {'score': 42730.0, 'gameName': 'Stroop', 'highScore': 42730.0}, {'score': 48550.0, 'gameName': 'TaskSwitch2', 'highScore': 48550.0}, {'score': 7100.0, 'gameName': 'SpatialSpanReverse', 'highScore': 7100.0}]",0,WPI6_17h37i859872534,Eastern Standard Time,"[{'gameName': 'BRT', 'playCount': 1, 'lastPlaySession': 0}, {'gameName': 'WTNumber', 'playCount': 1, 'lastPlaySession': 0}, {'gameName': 'Stroop', 'playCount': 1, 'lastPlaySession': 0}, {'gameName': 'SpatialSpanReverse', 'playCount': 1, 'lastPlaySession': 0}, {'gameName': 'TaskSwitch2', 'playCount': 1, 'lastPlaySession': 0}]",1,17,256,1,"ANGLE (Intel, Intel(R) UHD Graphics (0x0000A788) Direct3D11 vs_5_0 ps_5_0, D3D11)",0,2,-5,WPI6_17h37i859872534,2025-01-26T02:51:35.000000Z,2025-01-26T03:06:14.000000Z
95,20,10,ACE Explorer,1.22.33,UNDEFINED,None,Mac OS X 10_15_7,3,RIGHT,Safari 18.1,"[{'score': 21400.0, 'gameName': 'BRT', 'highScore': 21400.0}, {'score': 9940.0, 'gameName': 'WTNumber', 'highScore': 9940.0}, {'score': 41950.0, 'gameName': 'Stroop', 'highScore': 41950.0}, {'score': 29760.0, 'gameName': 'TaskSwitch2', 'highScore': 29760.0}, {'score': 7100.0, 'gameName': 'SpatialSpanReverse', 'highScore': 7100.0}]",0,WPI6_1l736995524u302,Eastern Standard Time,"[{'gameName': 'BRT', 'playCount': 1, 'lastPlaySession': 0}, {'gameName': 'WTNumber', 'playCount': 1, 'lastPlaySession': 0}, {'gameName': 'Stroop', 'playCount': 1, 'lastPlaySession': 0}, {'gameName': 'SpatialSpanReverse', 'playCount': 1, 'lastPlaySession': 0}, {'gameName': 'TaskSwitch2', 'playCount': 1, 'lastPlaySession': 0}]",1,17,128,1,Apple GPU,0,2,-5,WPI6_1l736995524u302,2025-01-16T02:45:47.000000Z,2025-01-16T03:09:24.000000Z
96,19,10,ACE Explorer,1.22.33,UNDEFINED,None,Windows 10,3,RIGHT,Chrome 131,"[{'score': 31540.0, 'gameName': 'BRT', 'highScore': 31540.0}, {'score': 9940.0, 'gameName': 'WTNumber', 'highScore': 9940.0}, {'score': 28200.0, 'gameName': 'Stroop', 'highScore': 28200.0}, {'score': 50280.0, 'gameName': 'TaskSwitch2', 'highScore': 50280.0}, {'score': 9230.0, 'gameName': 'SpatialSpanReverse', 'highScore': 9230.0}]",0,WPI6_1m73704443z1595,Eastern Standard Time,"[{'gameName': 'BRT', 'playCount': 1, 'lastPlaySession': 0}, {'gameName': 'WTNumber', 'playCount': 1, 'lastPlaySession': 0}, {'gameName': 'Stroop', 'playCount': 1, 'lastPlaySession': 0}, {'gameName': 'SpatialSpanReverse', 'playCount': 1, 'lastPlaySession': 0}, {'gameName': 'TaskSwitch2', 'playCount': 1, 'lastPlaySession': 0}]",1,17,128,1,"ANGLE (Intel, Intel(R) Iris(R) Xe Graphics (0x0000A7A1) Direct3D11 vs_5_0 ps_5_0, D3D11)",0,2,-5,WPI6_1m73704443z1595,2025-01-16T16:22:06.000000Z,2025-01-16T16:38:26.000000Z
97,34,10,ACE Explorer,1.22.33,UNDEFINED,None,Windows 10,3,RIGHT,Chrome 131,"[{'score': 38810.0, 'gameName': 'BRT', 'highScore': 38810.0}, {'score': 9940.0, 'gameName': 'WTNumber', 'highScore': 9940.0}, {'score': 9200.0, 'gameName': 'Stroop', 'highScore': 9200.0}, {'score': 47930.0, 'gameName': 'TaskSwitch2', 'highScore': 47930.0}, {'score': 1420.0, 'gameName': 'SpatialSpanReverse', 'highScore': 1420.0}]",0,WPI6_17371297c74k795,Eastern Standard Time,"[{'gameName': 'BRT', 'playCount': 1, 'lastPlaySession': 0}, {'gameName': 'WTNumber', 'playCount': 1, 'lastPlaySession': 0}, {'gameName': 'Stroop', 'playCount': 1, 'lastPlaySession': 0}, {'gameName': 'SpatialSpanReverse', 'playCount': 1, 'lastPlaySession': 0}, {'gameName': 'TaskSwitch2', 'playCount': 1, 'lastPlaySession': 0}]",1,17,256,1,"ANGLE (AMD, AMD Radeon(TM) Graphics (0x0000164C) Direct3D11 vs_5_0 ps_5_0, D3D11)",0,2,-5,WPI6_17371297c74k795,2025-01-17T16:03:39.000000Z,2025-01-17T16:23:22.000000Z
98,19,10,ACE Explorer,1.22.33,UNDEFINED,None,Windows 10,3,RIGHT,Chrome 130,"[{'score': 25170.0, 'gameName': 'BRT', 'highScore': 25170.0}, {'score': 9940.0, 'gameName': 'WTNumber', 'highScore': 9940.0}, {'score': 53970.0, 'gameName': 'Stroop', 'highScore': 53970.0}, {'score': 21020.0, 'gameName': 'TaskSwitch2', 'highScore': 21020.0}, {'score': 8520.0, 'gameName': 'SpatialSpanReverse', 'highScore': 8520.0}]",0,WPI6_173h71448348g92,Eastern Standard Time,"[{'gameName': 'BRT', 'playCount': 1, 'lastPlaySession': 0}, {'gameName': 'WTNumber', 'playCount': 1, 'lastPlaySession': 0}, {'gameName': 'Stroop', 'playCount': 1, 'lastPlaySession': 0}, {'gameName': 'SpatialSpanReverse', 'playCount': 1, 'lastPlaySession': 0}, {'gameName': 'TaskSwitch2', 'playCount': 1, 'lastPlaySession': 0}]",1,17,128,1,"ANGLE (Intel, Intel(R) Iris(R) Xe Graphics (0x00009A49) Direct3D11 vs_5_0 ps_5_0, D3D11)",0,2,-5,WPI6_173h71448348g92,2025-01-17T20:14:27.000000Z,2025-01-17T21:21:53.000000Z
99,18,10,ACE Explorer,1.22.33,UNDEFINED,None,Windows 10,3,RIGHT,Chrome 131,"[{'score': 29740.0, 'gameName': 'BRT', 'highScore': 29740.0}, {'score': 9940.0, 'gameName': 'WTNumber', 'highScore': 9940.0}, {'score': 60550.0, 'gameName': 'Stroop', 'highScore': 60550.0}, {'score': 25010.0, 'gameName': 'TaskSwitch2', 'highScore': 25010.0}, {'score': 7810.0, 'gameName': 'SpatialSpanReverse', 'highScore': 7810.0}]",0,WPI6_1r737154721n469,Eastern Standard Time,"[{'gameName': 'BRT', 'playCount': 1, 'lastPlaySession': 0}, {'gameName': 'WTNumber', 'playCount': 1, 'lastPlaySession': 0}, {'gameName': 'Stroop', 'playCount': 1, 'lastPlaySession': 0}, {'gameName': 'SpatialSpanReverse', 'playCount': 1, 'lastPlaySession': 0}, {'gameName': 'TaskSwitch2', 'playCount': 1, 'lastPlaySession': 0}]",1,17,128,1,"ANGLE (AMD, AMD Radeon RX 7900 GRE (0x0000744C) Direct3D11 vs_5_0 ps_5_0, D3D11)",0,2,-5,WPI6_1r737154721n469,2025-01-17T22:59:13.000000Z,2025-01-17T23:14:23.000000Z
100,22,10,ACE Explorer,1.22.33,UNDEFINED,None,Mac OS X 10_15_7,3,RIGHT,Chrome 131,"[{'score': 33240.0, 'gameName': 'BRT', 'highScore': 33240.0}, {'score': 9940.0, 'gameName': 'WTNumber', 'highScore': 9940.0}, {'score': 80760.0, 'gameName': 'Stroop', 'highScore': 80760.0}, {'score': 22220.0, 'gameName': 'TaskSwitch2', 'highScore': 22220.0}, {'score': 4260.0, 'gameName': 'SpatialSpanReverse', 'highScore': 4260.0}]",0,WPI6_p17372196220r04,Eastern Standard Time,"[{'gameName': 'BRT', 'playCount': 1, 'lastPlaySession': 0}, {'gameName': 'WTNumber', 'playCount': 1, 'lastPlaySession': 0}, {'gameName': 'Stroop', 'playCount': 1, 'lastPlaySession': 0}, {'gameName': 'SpatialSpanReverse', 'playCount': 1, 'lastPlaySession': 0}, {'gameName': 'TaskSwitch2', 'playCount': 1, 'lastPlaySession': 0}]",1,17,128,1,"ANGLE (Apple, ANGLE Metal Renderer: Apple M3, Unspecified Version)",0,2,-5,WPI6_p17372196220r04,2025-01-18T17:00:59.000000Z,2025-01-18T17:18:18.000000Z
